no,elapsed_ms,waktu,sample_id,batch_id,label,mq135_ratio,mq3_ratio,mq4_ratio,tgs_ratio,suhu,lembap
1,203,23.37.03,1,NASI-1,LAYAK,1.038,1.0308,1.0481,1.076,31.2,100
2,817,23.37.04,1,NASI-1,LAYAK,1.029,1.0096,1.0342,1.0567,31.2,100
3,1227,23.37.04,1,NASI-1,LAYAK,1.0422,1.033,1.0502,1.0695,31.2,100
4,1637,23.37.04,1,NASI-1,LAYAK,1.0298,1.0212,1.0363,1.0552,31.2,100
5,2253,23.37.05,1,NASI-1,LAYAK,1.029,1.0249,1.0363,1.0575,31.2,100
6,2661,23.37.05,1,NASI-1,LAYAK,1.0306,1.0271,1.037,1.0567,31.2,100
7,3275,23.37.06,1,NASI-1,LAYAK,1.029,1.0212,1.0363,1.0559,31.2,100
8,3685,23.37.07,1,NASI-1,LAYAK,1.0298,1.0169,1.0328,1.0552,31.2,100
9,4299,23.37.07,1,NASI-1,LAYAK,1.029,1.0212,1.0342,1.0599,31.2,100
10,4709,23.37.08,1,NASI-1,LAYAK,1.0422,1.033,1.0509,1.0711,31.2,100
11,5118,23.37.08,1,NASI-1,LAYAK,1.0397,1.0301,1.0328,1.0512,31.2,100
12,5733,23.37.09,1,NASI-1,LAYAK,1.0347,1.0286,1.0342,1.0528,31.2,100
13,6144,23.37.09,1,NASI-1,LAYAK,1.029,1.0191,1.0328,1.052,31.2,100
14,6757,23.37.10,1,NASI-1,LAYAK,1.0306,1.0279,1.0321,1.0504,31.2,100
15,7166,23.37.10,1,NASI-1,LAYAK,1.029,1.0169,1.0308,1.0544,31.3,100
16,7781,23.37.11,1,NASI-1,LAYAK,1.0372,1.0323,1.0335,1.0567,31.3,100
17,8191,23.37.11,1,NASI-1,LAYAK,1.0422,1.0301,1.0453,1.0735,31.3,100
18,8805,23.37.12,1,NASI-1,LAYAK,1.029,1.0205,1.0314,1.0575,31.3,100
19,9214,23.37.12,1,NASI-1,LAYAK,1.0447,1.0405,1.0502,1.0671,31.3,100
20,9624,23.37.12,1,NASI-1,LAYAK,1.0372,1.0249,1.0314,1.0583,31.3,100
21,10238,23.37.13,1,NASI-1,LAYAK,1.0143,1.0279,1.0349,1.0536,31.3,100
22,10649,23.37.13,1,NASI-1,LAYAK,1.0364,1.0169,1.0342,1.0567,31.3,100
23,11263,23.37.14,1,NASI-1,LAYAK,1.0372,1.0338,1.0488,1.0744,31.3,100
24,11672,23.37.15,1,NASI-1,LAYAK,1.0364,1.0183,1.0335,1.0575,31.3,100
25,12287,23.37.15,1,NASI-1,LAYAK,1.043,1.0169,1.0363,1.0575,31.3,100
26,12696,23.37.16,1,NASI-1,LAYAK,1.0397,1.0271,1.0474,1.0744,31.3,100
27,13311,23.37.16,1,NASI-1,LAYAK,1.029,1.0161,1.0349,1.0575,31.3,100
28,13721,23.37.17,1,NASI-1,LAYAK,1.0355,1.0286,1.0488,1.0711,31.3,100
29,14130,23.37.17,1,NASI-1,LAYAK,1.029,1.0169,1.0342,1.0583,31.3,100
30,14745,23.37.18,1,NASI-1,LAYAK,1.0265,1.0169,1.0363,1.0567,31.3,100
31,15154,23.37.18,1,NASI-1,LAYAK,1.0257,1.0154,1.037,1.0583,31.3,100
32,15768,23.37.19,1,NASI-1,LAYAK,1.0249,1.0161,1.037,1.0599,31.3,100
33,16178,23.37.19,1,NASI-1,LAYAK,1.0232,1.0118,1.0335,1.0575,31.3,100
34,16793,23.37.20,1,NASI-1,LAYAK,1.0224,1.0161,1.0342,1.0599,31.3,100
35,17202,23.37.20,1,NASI-1,LAYAK,1.038,1.0249,1.0502,1.0735,31.3,100
36,17826,23.37.21,1,NASI-1,LAYAK,1.0273,1.0161,1.0321,1.0583,31.3,100
37,18226,23.37.21,1,NASI-1,LAYAK,1.0372,1.0234,1.0495,1.0735,31.3,100
38,18636,23.37.21,1,NASI-1,LAYAK,1.0224,1.0169,1.0335,1.0599,31.3,100
39,19250,23.37.22,1,NASI-1,LAYAK,1.0265,1.0147,1.0335,1.0607,31.3,100
40,19660,23.37.23,1,NASI-1,LAYAK,1.024,1.0154,1.0363,1.0583,31.3,100
41,20277,23.37.23,1,NASI-1,LAYAK,1.0216,1.0125,1.0376,1.0575,31.3,100
42,20684,23.37.24,1,NASI-1,LAYAK,1.02,1.0118,1.0342,1.0567,31.3,100
43,21298,23.37.24,1,NASI-1,LAYAK,1.0208,1.014,1.039,1.0575,31.3,100
44,21708,23.37.25,1,NASI-1,LAYAK,1.0364,1.0183,1.0509,1.0727,31.3,100
45,22118,23.37.25,1,NASI-1,LAYAK,1.0208,1.0125,1.0363,1.0599,31.3,100
46,22732,23.37.26,1,NASI-1,LAYAK,1.029,1.0154,1.039,1.0623,31.3,100
47,23142,23.37.26,1,NASI-1,LAYAK,1.0249,1.0147,1.0397,1.0599,31.3,100
48,23756,23.37.27,1,NASI-1,LAYAK,1.0151,1.0096,1.0383,1.0623,31.3,100
49,24166,23.37.27,1,NASI-1,LAYAK,1.0232,1.0169,1.0335,1.0607,31.3,100
50,24780,23.37.28,1,NASI-1,LAYAK,1.0232,1.0104,1.0342,1.0615,31.3,100
51,25192,23.37.28,1,NASI-1,LAYAK,1.0192,1.0068,1.0335,1.0583,31.3,100
52,25804,23.37.29,1,NASI-1,LAYAK,1.0232,1.0169,1.037,1.0599,31.3,100
53,26214,23.37.29,1,NASI-1,LAYAK,1.038,1.0293,1.0349,1.0744,31.3,100
54,26624,23.37.29,1,NASI-1,LAYAK,1.0192,1.0118,1.0253,1.0567,31.3,100
55,27238,23.37.30,1,NASI-1,LAYAK,1.0232,1.0132,1.0301,1.0583,31.3,100
56,27648,23.37.31,1,NASI-1,LAYAK,1.0232,1.0125,1.037,1.0567,31.3,100
57,28262,23.37.31,1,NASI-1,LAYAK,1.0306,1.001,1.037,1.0623,31.3,100
58,28672,23.37.32,1,NASI-1,LAYAK,1.0265,1.0147,1.0397,1.0552,31.3,100
59,29286,23.37.32,1,NASI-1,LAYAK,1.0216,1.0154,1.0397,1.0591,31.3,100
60,29696,23.37.33,1,NASI-1,LAYAK,1.0314,1.0256,1.0509,1.0744,31.3,100
61,30310,23.37.33,1,NASI-1,LAYAK,1.0216,1.006,1.0376,1.0544,31.3,100
62,30721,23.37.34,1,NASI-1,LAYAK,0.9354,1.0279,1.0481,1.0768,31.3,100
63,31129,23.37.34,1,NASI-1,LAYAK,1.024,1.0132,1.0287,1.0623,31.3,100
64,31744,23.37.35,1,NASI-1,LAYAK,1.0669,1.0595,1.0751,1.1263,31.3,100
65,32153,23.37.35,1,NASI-1,LAYAK,1.0103,1.0039,1.0198,1.0504,31.3,100
66,32768,23.37.36,1,NASI-1,LAYAK,0.9798,0.9827,0.9971,1.0303,31.3,100
67,33177,23.37.36,1,NASI-1,LAYAK,1.0024,0.9939,1.0198,1.0457,31.3,100
68,33792,23.37.37,1,NASI-1,LAYAK,1.029,1.0125,1.0453,1.0825,31.3,100
69,34201,23.37.37,1,NASI-1,LAYAK,1.0782,1.0541,1.0993,1.1526,31.3,100
70,34816,23.37.38,1,NASI-1,LAYAK,1.0574,1.0323,1.0795,1.1202,31.4,100
71,35225,23.37.38,1,NASI-1,LAYAK,1.0651,1.0443,1.0963,1.1349,31.4,100
72,35635,23.37.39,1,NASI-1,LAYAK,1.0591,1.0345,1.078,1.1211,31.4,100
73,36250,23.37.39,1,NASI-1,LAYAK,1.0532,1.0264,1.0751,1.1134,31.4,100
74,36659,23.37.40,1,NASI-1,LAYAK,1.0422,1.0242,1.073,1.1108,31.4,100
75,37273,23.37.40,1,NASI-1,LAYAK,1.0422,1.0176,1.0694,1.0982,31.3,100
76,37683,23.37.41,1,NASI-1,LAYAK,1.0389,1.0118,1.0615,1.0882,31.3,100
77,38297,23.37.41,1,NASI-1,LAYAK,1.0364,1.0118,1.0594,1.085,31.3,100
78,38707,23.37.42,1,NASI-1,LAYAK,1.0372,1.0176,1.0708,1.099,31.3,100
79,39322,23.37.42,1,NASI-1,LAYAK,1.029,0.9848,1.0509,1.0776,31.3,100
80,39732,23.37.43,1,NASI-1,LAYAK,1.024,1.001,1.0523,1.0825,31.4,100
81,40141,23.37.43,1,NASI-1,LAYAK,1.0079,0.9904,1.0349,1.0615,31.4,100
82,40755,23.37.44,1,NASI-1,LAYAK,1.0135,0.9968,1.0425,1.0663,31.4,100
83,41165,23.37.44,1,NASI-1,LAYAK,1.0306,1.0096,1.0558,1.0768,31.4,100
84,41780,23.37.45,1,NASI-1,LAYAK,1.0176,0.9946,1.0446,1.0671,31.4,100
85,42189,23.37.45,1,NASI-1,LAYAK,1.0135,0.9975,1.0453,1.0647,31.3,100
86,42803,23.37.46,1,NASI-1,LAYAK,1.0306,1.0068,1.0502,1.0655,31.3,100
87,43213,23.37.46,1,NASI-1,LAYAK,1.0447,1.0286,1.0615,1.0841,31.3,100
88,43623,23.37.46,1,NASI-1,LAYAK,1.029,1.0104,1.0502,1.0679,31.3,100
89,44237,23.37.47,1,NASI-1,LAYAK,1.0281,1.014,1.0495,1.0623,31.3,100
90,44647,23.37.48,1,NASI-1,LAYAK,1.0176,1.0039,1.037,1.0615,31.4,100
91,45261,23.37.48,1,NASI-1,LAYAK,1.024,1.0082,1.0432,1.0623,31.4,100
92,45671,23.37.49,1,NASI-1,LAYAK,1.0232,1.0046,1.0411,1.0623,31.4,100
93,46285,23.37.49,1,NASI-1,LAYAK,1.0414,1.0205,1.0587,1.076,31.4,100
94,46695,23.37.50,1,NASI-1,LAYAK,1.0557,1.0301,1.0715,1.0974,31.4,100
95,47309,23.37.50,1,NASI-1,LAYAK,1.0422,1.0249,1.0565,1.0792,31.4,100
96,47721,23.37.51,1,NASI-1,LAYAK,1.054,1.0316,1.0715,1.0899,31.4,100
97,48129,23.37.51,1,NASI-1,LAYAK,1.0498,1.0279,1.0594,1.0744,31.4,100
98,48743,23.37.52,1,NASI-1,LAYAK,1.0557,1.0286,1.0565,1.0784,31.4,100
99,49152,23.37.52,1,NASI-1,LAYAK,1.0738,1.0279,1.0565,1.0776,31.4,100
100,49767,23.37.53,1,NASI-1,LAYAK,1.0506,1.0286,1.0558,1.076,31.4,100
101,50177,23.37.53,1,NASI-1,LAYAK,1.0472,1.0249,1.0544,1.0776,31.4,100
102,50791,23.37.54,1,NASI-1,LAYAK,1.0414,1.022,1.0587,1.0776,31.4,100
103,51202,23.37.54,1,NASI-1,LAYAK,1.043,1.0242,1.0651,1.0916,31.4,100
104,51815,23.37.55,1,NASI-1,LAYAK,1.0232,1.001,1.0537,1.0792,31.4,100
105,52225,23.37.55,1,NASI-1,LAYAK,1.0322,1.0118,1.0636,1.0899,31.3,100
106,52641,23.37.56,1,NASI-1,LAYAK,1.0159,0.9946,1.0523,1.076,31.3,100
107,53249,23.37.56,1,NASI-1,LAYAK,1.0071,0.9918,1.0488,1.0752,31.3,100
108,53660,23.37.57,1,NASI-1,LAYAK,1.0008,0.9834,1.0446,1.0695,31.3,100
109,54274,23.37.57,1,NASI-1,LAYAK,1.004,0.9806,1.0474,1.0727,31.3,100
110,54683,23.37.58,1,NASI-1,LAYAK,1.0111,0.9932,1.0587,1.0882,31.3,100
111,55299,23.37.58,1,NASI-1,LAYAK,0.9992,0.9793,1.046,1.0703,31.3,100
112,55706,23.37.59,1,NASI-1,LAYAK,1.0103,0.9932,1.0629,1.0924,31.3,100
113,56117,23.37.59,1,NASI-1,LAYAK,1.0024,0.9779,1.0509,1.0735,31.3,100
114,56731,23.38.00,1,NASI-1,LAYAK,1.0016,0.9779,1.0481,1.0735,31.3,100
115,57141,23.38.00,1,NASI-1,LAYAK,1.0135,0.9869,1.0594,1.0825,31.3,100
116,57754,23.38.01,1,NASI-1,LAYAK,0.9953,0.9883,1.0601,1.0825,31.3,100
117,58164,23.38.01,1,NASI-1,LAYAK,1.0087,0.9862,1.0587,1.0833,31.3,100
118,58779,23.38.02,1,NASI-1,LAYAK,1.0079,0.9848,1.0587,1.085,31.3,100
119,59190,23.38.02,1,NASI-1,LAYAK,1.0103,0.9827,1.0551,1.076,31.3,100
120,59803,23.38.03,1,NASI-1,LAYAK,1.0032,0.9848,1.0572,1.0809,31.3,100
121,60212,23.38.03,1,NASI-1,LAYAK,1.0135,0.9939,1.0658,1.0924,31.3,100
122,60622,23.38.03,1,NASI-1,LAYAK,1.0103,0.989,1.0572,1.0776,31.3,100
123,61236,23.38.04,1,NASI-1,LAYAK,1,0.9813,1.0523,1.0735,31.3,100
124,61648,23.38.05,1,NASI-1,LAYAK,1.0032,0.9834,1.0558,1.0792,31.3,100
125,62263,23.38.05,1,NASI-1,LAYAK,1.0016,0.9862,1.0565,1.0784,31.3,100
126,62670,23.38.06,1,NASI-1,LAYAK,1.0032,0.9876,1.0594,1.0809,31.3,100
127,63284,23.38.06,1,NASI-1,LAYAK,1.0063,0.9918,1.0615,1.08,31.3,100
128,63696,23.38.07,1,NASI-1,LAYAK,1.0176,0.9961,1.0708,1.1007,31.3,100
129,64309,23.38.07,1,NASI-1,LAYAK,1.0071,0.9883,1.0594,1.0768,31.3,100
130,64718,23.38.08,1,NASI-1,LAYAK,1.0216,0.9982,1.0744,1.099,31.3,100
131,65127,23.38.08,1,NASI-1,LAYAK,1.0071,0.9848,1.0622,1.0833,31.3,100
132,65744,23.38.09,1,NASI-1,LAYAK,1.0047,0.9862,1.0565,1.0825,31.3,100
133,66152,23.38.09,1,NASI-1,LAYAK,1.0087,0.9876,1.0636,1.0866,31.3,100
134,66766,23.38.10,1,NASI-1,LAYAK,1.0176,0.9932,1.0679,1.0882,31.3,100
135,67176,23.38.10,1,NASI-1,LAYAK,1.0087,0.9876,1.0636,1.0817,31.2,100
136,67791,23.38.11,1,NASI-1,LAYAK,1.0047,0.9848,1.0565,1.08,31.2,100
137,68200,23.38.11,1,NASI-1,LAYAK,1.0071,0.9848,1.0629,1.0882,31.2,100
138,68814,23.38.12,1,NASI-1,LAYAK,0.986,0.971,1.0453,1.0623,31.2,100
139,69228,23.38.12,1,NASI-1,LAYAK,1.0087,0.9876,1.0644,1.0882,31.2,100
140,69634,23.38.13,1,NASI-1,LAYAK,0.9821,0.9683,1.0418,1.0623,31.2,100
141,70248,23.38.13,1,NASI-1,LAYAK,0.9976,0.9737,1.0516,1.0744,31.2,100
142,70658,23.38.14,1,NASI-1,LAYAK,0.9806,0.9683,1.0474,1.0631,31.2,100
143,71272,23.38.14,1,NASI-1,LAYAK,0.9906,0.9649,1.046,1.0679,31.2,100
144,71681,23.38.15,1,NASI-1,LAYAK,1.0055,0.9793,1.0587,1.0752,31.2,100
145,72296,23.38.15,1,NASI-1,LAYAK,1.0047,0.9827,1.0615,1.0858,31.2,100
146,72709,23.38.16,1,NASI-1,LAYAK,1.0143,0.9939,1.0751,1.099,31.2,100
147,73334,23.38.16,1,NASI-1,LAYAK,0.9891,0.9848,1.0651,1.0882,31.2,100
148,73730,23.38.17,1,NASI-1,LAYAK,1.0119,0.9982,1.0744,1.1024,31.2,100
149,74139,23.38.17,1,NASI-1,LAYAK,1.0032,0.9806,1.0636,1.0825,31.2,100
150,74754,23.38.18,1,NASI-1,LAYAK,1.0016,0.9806,1.0636,1.0792,31.2,100
151,75163,23.38.18,1,NASI-1,LAYAK,0.9906,0.9696,1.0516,1.0679,31.2,100
152,75778,23.38.19,1,NASI-1,LAYAK,1.0111,0.9841,1.0629,1.0882,31.2,100
153,76188,23.38.19,1,NASI-1,LAYAK,1.0071,0.9841,1.0615,1.0882,31.2,100
154,76802,23.38.20,1,NASI-1,LAYAK,1.0071,0.9862,1.0644,1.0891,31.2,100
155,77211,23.38.20,1,NASI-1,LAYAK,1.02,1.001,1.0816,1.1058,31.2,100
156,77621,23.38.20,1,NASI-1,LAYAK,1.0055,0.9827,1.0715,1.0882,31.2,100
157,78236,23.38.21,1,NASI-1,LAYAK,1.0111,0.9862,1.0694,1.0907,31.2,100
158,78645,23.38.22,1,NASI-1,LAYAK,1.0047,0.9869,1.0644,1.0882,31.2,100
159,79261,23.38.22,1,NASI-1,LAYAK,1.0208,1.001,1.0809,1.1091,31.2,100
160,79672,23.38.23,1,NASI-1,LAYAK,1.0055,0.989,1.0686,1.0882,31.2,100
161,80284,23.38.23,1,NASI-1,LAYAK,1.0079,0.9841,1.0679,1.0866,31.2,100
162,80692,23.38.24,1,NASI-1,LAYAK,1.0135,1.0068,1.0766,1.0999,31.2,100
163,81308,23.38.24,1,NASI-1,LAYAK,1.0071,0.9911,1.0701,1.0907,31.2,100
164,81719,23.38.25,1,NASI-1,LAYAK,1.0281,1.0017,1.086,1.1134,31.2,100
165,82127,23.38.25,1,NASI-1,LAYAK,1.0143,0.9897,1.073,1.0907,31.2,100
166,82743,23.38.26,1,NASI-1,LAYAK,1.0331,0.9946,1.0751,1.099,31.2,100
167,83151,23.38.26,1,NASI-1,LAYAK,1.0135,0.9932,1.0751,1.0957,31.2,100
168,83767,23.38.27,1,NASI-1,LAYAK,1.0306,1.0096,1.0919,1.1176,31.2,100
169,84183,23.38.27,1,NASI-1,LAYAK,1.0119,0.9939,1.0744,1.0957,31.2,100
170,84790,23.38.28,1,NASI-1,LAYAK,0.9906,0.9946,1.0758,1.1024,31.1,100
171,85198,23.38.28,1,NASI-1,LAYAK,1.038,1.0169,1.0985,1.1341,31.1,100
172,85814,23.38.29,1,NASI-1,LAYAK,1.0167,0.9982,1.0802,1.1074,31.1,100
173,86223,23.38.29,1,NASI-1,LAYAK,1.0143,0.9939,1.078,1.11,31.1,100
174,86633,23.38.29,1,NASI-1,LAYAK,1.0151,0.9939,1.0758,1.1041,31.1,100
175,87247,23.38.30,1,NASI-1,LAYAK,1.0159,0.9939,1.0787,1.1041,31.1,100
176,87657,23.38.31,1,NASI-1,LAYAK,1.02,0.9975,1.0816,1.1083,31.1,100
177,88271,23.38.31,1,NASI-1,LAYAK,1.0184,0.9954,1.0773,1.1024,31.1,100
178,88681,23.38.32,1,NASI-1,LAYAK,1.0232,0.9946,1.0773,1.1066,31.1,100
179,89295,23.38.32,1,NASI-1,LAYAK,1.02,0.9946,1.0802,1.1032,31.1,100
180,89705,23.38.33,1,NASI-1,LAYAK,1.0314,1.0089,1.0889,1.1228,31.2,99.9
181,90322,23.38.33,1,NASI-1,LAYAK,1.0265,1.0075,1.0868,1.1083,31.2,99.9
182,90729,23.38.34,1,NASI-1,LAYAK,1.0422,1.0176,1.103,1.1289,31.2,99.9
183,91148,23.38.34,1,NASI-1,LAYAK,1.0306,1.0046,1.0919,1.1151,31.2,99.9
184,91753,23.38.35,1,NASI-1,LAYAK,1.0281,1.0053,1.0904,1.1151,31.2,99.9
185,92163,23.38.35,1,NASI-1,LAYAK,1.029,1.0053,1.0904,1.1151,31.1,100
186,92777,23.38.36,1,NASI-1,LAYAK,1.0298,1.0046,1.0904,1.1125,31.1,100
187,93187,23.38.36,1,NASI-1,LAYAK,1.0265,1.0025,1.0853,1.1108,31.1,100
188,93801,23.38.37,1,NASI-1,LAYAK,1.0265,1.0032,1.0875,1.1142,31.1,100
189,94211,23.38.37,1,NASI-1,LAYAK,1.0347,1.0169,1.0993,1.1297,31.1,100
190,94620,23.38.37,1,NASI-1,LAYAK,1.029,1.0025,1.0875,1.1151,31.1,100
191,95234,23.38.38,1,NASI-1,LAYAK,1.029,1.0039,1.0882,1.1159,31.1,100
192,95644,23.38.39,1,NASI-1,LAYAK,1.029,1.0039,1.0904,1.1151,31.1,100
193,96259,23.38.39,1,NASI-1,LAYAK,1.0273,1.0003,1.0868,1.1151,31.1,100
194,96668,23.38.40,1,NASI-1,LAYAK,1.0232,1.0032,1.0889,1.1151,31.1,100
195,97283,23.38.40,1,NASI-1,LAYAK,1.0216,0.9939,1.0846,1.1134,31.1,100
196,97692,23.38.41,1,NASI-1,LAYAK,1.0298,1.0046,1.0948,1.1176,31.1,100
197,98307,23.38.41,1,NASI-1,LAYAK,1.0192,0.9939,1.0816,1.1032,31.1,100
198,98717,23.38.42,1,NASI-1,LAYAK,1.0298,1.014,1.0963,1.1237,31.1,100
199,99126,23.38.42,1,NASI-1,LAYAK,1.0232,0.9975,1.0831,1.1041,31.1,100
200,99740,23.38.43,1,NASI-1,LAYAK,1.0176,0.9961,1.0795,1.1091,31.1,100
201,361282,23.43.04,1,NASI-1,LAYAK,0.8857,0.8701,0.9931,0.9821,30.1,95.4
202,361691,23.43.05,1,NASI-1,LAYAK,0.8937,0.8791,1.0198,0.9908,30.1,95.4
203,362306,23.43.05,1,NASI-1,LAYAK,0.8863,0.8701,0.9905,0.9836,30.2,95.7
204,362716,23.43.06,1,NASI-1,LAYAK,0.8944,0.8791,1.0198,0.9966,30.2,95.7
205,363336,23.43.06,1,NASI-1,LAYAK,0.887,0.8695,0.9892,0.9821,30.2,95.7
206,363741,23.43.07,1,NASI-1,LAYAK,0.8978,0.8803,1.0198,0.9981,30.2,95.7
207,364152,23.43.07,1,NASI-1,LAYAK,0.8837,0.8701,0.9879,0.9793,30.2,95.7
208,364764,23.43.08,1,NASI-1,LAYAK,0.8984,0.8845,1.0198,0.9996,30.2,96.5
209,365174,23.43.08,1,NASI-1,LAYAK,0.887,0.8683,0.9866,0.9829,30.2,96.5
210,365788,23.43.09,1,NASI-1,LAYAK,0.8863,0.8695,0.9872,0.985,30.2,96.5
211,366300,23.43.09,1,NASI-1,LAYAK,0.8978,0.8827,0.9911,1.0003,30.2,96.5
212,366812,23.43.10,1,NASI-1,LAYAK,0.8957,0.8779,0.9944,0.9944,30.2,96.5
213,367234,23.43.10,1,NASI-1,LAYAK,0.8971,0.8803,0.9938,0.9937,30.2,97
214,367632,23.43.10,1,NASI-1,LAYAK,0.887,0.8695,0.9801,0.98,30.2,97
215,368246,23.43.11,1,NASI-1,LAYAK,0.8824,0.8695,0.9807,0.9821,30.2,97
216,368758,23.43.12,1,NASI-1,LAYAK,0.8863,0.8695,0.9814,0.9786,30.2,97
217,369270,23.43.12,1,NASI-1,LAYAK,0.887,0.8695,0.9814,0.9814,30.2,97
218,369680,23.43.13,1,NASI-1,LAYAK,0.887,0.8689,0.9788,0.98,30.2,97.3
219,370294,23.43.13,1,NASI-1,LAYAK,0.887,0.8701,0.9781,0.9843,30.2,97.3
220,370713,23.43.14,1,NASI-1,LAYAK,0.8964,0.8803,0.9938,0.9937,30.2,97.3
221,371318,23.43.14,1,NASI-1,LAYAK,0.8877,0.8701,0.9801,0.9807,30.2,97.3
222,371728,23.43.15,1,NASI-1,LAYAK,0.8903,0.8791,0.9931,0.9959,30.2,97.3
223,372137,23.43.15,1,NASI-1,LAYAK,0.8857,0.8683,0.9827,0.9786,30.2,97.9
224,372752,23.43.16,1,NASI-1,LAYAK,0.8843,0.8677,0.9801,0.9793,30.2,97.9
225,373161,23.43.16,1,NASI-1,LAYAK,0.883,0.8695,0.9827,0.9786,30.2,97.9
226,373776,23.43.17,1,NASI-1,LAYAK,0.8863,0.8701,0.9866,0.98,30.2,97.9
227,374186,23.43.17,1,NASI-1,LAYAK,0.885,0.8701,0.9872,0.98,30.2,97.9
228,374800,23.43.18,1,NASI-1,LAYAK,0.887,0.8695,0.9872,0.9807,30.2,98.2
229,375209,23.43.18,1,NASI-1,LAYAK,0.8964,0.8797,0.9984,0.9974,30.2,98.2
230,375824,23.43.19,1,NASI-1,LAYAK,0.8706,0.8559,0.973,0.9672,30.2,98.2
231,376233,23.43.19,1,NASI-1,LAYAK,0.8964,0.8803,1.0037,0.9996,30.2,98.2
232,376643,23.43.20,1,NASI-1,LAYAK,0.887,0.8701,0.9918,0.9821,30.2,98.2
233,377258,23.43.20,1,NASI-1,LAYAK,0.8903,0.8695,0.9938,0.985,30.2,98.4
234,377667,23.43.21,1,NASI-1,LAYAK,0.887,0.8707,0.9885,0.9857,30.2,98.4
235,378282,23.43.21,1,NASI-1,LAYAK,0.889,0.8713,0.9905,0.9786,30.2,98.4
236,378693,23.43.22,1,NASI-1,LAYAK,0.8863,0.8707,0.9872,0.9843,30.2,98.4
237,379306,23.43.22,1,NASI-1,LAYAK,0.887,0.8695,0.9911,0.9829,30.2,98.4
238,379715,23.43.23,1,NASI-1,LAYAK,0.8984,0.8821,1.0198,0.9959,30.3,98.1
239,380330,23.43.23,1,NASI-1,LAYAK,0.887,0.8731,0.9938,0.9865,30.3,98.1
240,380739,23.43.24,1,NASI-1,LAYAK,0.8964,0.8827,1.0198,1.0018,30.3,98.1
241,381149,23.43.24,1,NASI-1,LAYAK,0.8863,0.8707,0.9984,0.9872,30.3,98.1
242,381763,23.43.25,1,NASI-1,LAYAK,0.8917,0.8821,1.0198,1.0099,30.3,98.1
243,382173,23.43.25,1,NASI-1,LAYAK,0.8771,0.8713,0.9958,0.9843,30.3,98.7
244,382788,23.43.26,1,NASI-1,LAYAK,0.917,0.8725,0.9964,0.9814,30.3,98.7
245,383197,23.43.26,1,NASI-1,LAYAK,0.8937,0.8773,1.0198,0.9937,30.3,98.7
246,383822,23.43.27,1,NASI-1,LAYAK,0.8797,0.8695,0.9964,0.9821,30.3,98.7
247,384221,23.43.27,1,NASI-1,LAYAK,0.8764,0.8797,1.0198,0.9944,30.3,98.7
248,384835,23.43.28,1,NASI-1,LAYAK,0.887,0.8677,0.9964,0.985,30.3,97.8
249,385245,23.43.28,1,NASI-1,LAYAK,0.8725,0.8833,1.0198,0.9988,30.3,97.8
250,385655,23.43.29,1,NASI-1,LAYAK,0.8501,0.8695,0.9938,0.9843,30.3,97.8
251,386279,23.43.29,1,NASI-1,LAYAK,0.8667,0.8713,0.9964,0.9821,30.3,97.8
252,386679,23.43.30,1,NASI-1,LAYAK,0.868,0.8695,0.9905,0.98,30.3,97.8
253,387293,23.43.30,1,NASI-1,LAYAK,0.8622,0.8713,0.9944,0.9793,30.2,97.2
254,387703,23.43.31,1,NASI-1,LAYAK,0.8771,0.8809,1.0044,0.9988,30.2,97.2
255,388317,23.43.31,1,NASI-1,LAYAK,0.2336,0.8671,0.9931,0.9701,30.2,97.2
256,388727,23.43.32,1,NASI-1,LAYAK,0.2405,0.8737,1.0037,0.9901,30.2,97.2
257,389137,23.43.32,1,NASI-1,LAYAK,0.2343,0.8641,0.9892,0.9729,30.2,97.2
258,389751,23.43.33,1,NASI-1,LAYAK,0.2346,0.8665,0.9859,0.975,30.3,97.2
259,390164,23.43.33,1,NASI-1,LAYAK,0.2346,0.8665,0.9872,0.9701,30.3,97.2
260,390775,23.43.34,1,NASI-1,LAYAK,0.2348,0.8612,0.9853,0.9701,30.3,97.2
261,391185,23.43.34,1,NASI-1,LAYAK,0.2346,0.8635,0.9814,0.9715,30.3,97.2
262,391799,23.43.35,1,NASI-1,LAYAK,0.7145,0.8695,0.9859,0.98,30.3,97.2
263,392209,23.43.35,1,NASI-1,LAYAK,0.7625,0.8797,0.9911,0.9966,30.3,97
264,392823,23.43.36,1,NASI-1,LAYAK,0.2359,0.8665,0.9827,0.9715,30.3,97
265,393233,23.43.36,1,NASI-1,LAYAK,0.2397,0.8785,0.9925,0.9893,30.3,97
266,393642,23.43.37,1,NASI-1,LAYAK,0.2345,0.8653,0.9768,0.9686,30.3,97
267,394257,23.43.37,1,NASI-1,LAYAK,0.2336,0.8653,0.9762,0.9729,30.3,97
268,394666,23.43.38,1,NASI-1,LAYAK,0.2353,0.8641,0.9768,0.9736,30.2,95.2
269,395285,23.43.38,1,NASI-1,LAYAK,0.7707,0.8707,0.9768,0.9814,30.2,95.2
270,395691,23.43.39,1,NASI-1,LAYAK,0.756,0.8803,0.9879,1.0062,30.2,95.2
271,396306,23.43.39,1,NASI-1,LAYAK,0.7614,0.8695,0.9775,0.9807,30.2,95.2
272,396719,23.43.40,1,NASI-1,LAYAK,0.763,0.8821,0.9872,0.9937,30.2,95.2
273,397329,23.43.40,1,NASI-1,LAYAK,0.8207,0.8695,0.9781,0.9821,30.3,95.2
274,397738,23.43.41,1,NASI-1,LAYAK,0.8001,0.8845,0.9931,0.9966,30.3,95.2
275,398151,23.43.41,1,NASI-1,LAYAK,0.796,0.8713,0.9788,0.9821,30.3,95.2
276,398780,23.43.42,1,NASI-1,LAYAK,0.7972,0.8755,0.9666,0.9857,30.3,95.2
277,399172,23.43.42,1,NASI-1,LAYAK,0.8012,0.8845,0.9938,0.9988,30.3,95.2
278,399787,23.43.43,1,NASI-1,LAYAK,0.8059,0.8713,0.9833,0.9786,30.2,95.6
279,400196,23.43.43,1,NASI-1,LAYAK,0.7603,0.8821,0.9938,0.9974,30.2,95.6
280,400811,23.43.44,1,NASI-1,LAYAK,0.8059,0.8701,0.9872,0.9814,30.2,95.6
281,401220,23.43.44,1,NASI-1,LAYAK,0.7707,0.8827,0.9977,0.9959,30.2,95.6
282,401835,23.43.45,1,NASI-1,LAYAK,0.7701,0.8713,0.9872,0.98,30.2,95.6
283,402244,23.43.45,1,NASI-1,LAYAK,0.7438,0.8845,1.0004,0.9966,30.3,96.1
284,402654,23.43.46,1,NASI-1,LAYAK,0.8225,0.8701,0.9866,0.98,30.3,96.1
285,403268,23.43.46,1,NASI-1,LAYAK,0.7448,0.8707,0.9872,0.9821,30.3,96.1
286,403678,23.43.47,1,NASI-1,LAYAK,0.7066,0.8737,0.9872,0.9814,30.3,96.1
287,404293,23.43.47,1,NASI-1,LAYAK,0.719,0.8719,0.9872,0.9814,30.3,96.1
288,404701,23.43.48,1,NASI-1,LAYAK,0.2392,0.8737,0.9984,0.9893,30.2,97
289,405333,23.43.48,1,NASI-1,LAYAK,0.7533,0.8695,0.9853,0.9821,30.2,97
290,405726,23.43.49,1,NASI-1,LAYAK,0.8201,0.8845,1.001,0.9974,30.2,97
291,406136,23.43.49,1,NASI-1,LAYAK,0.6934,0.8695,0.984,0.9807,30.2,97
292,406759,23.43.50,1,NASI-1,LAYAK,0.6887,0.8701,0.9866,0.9743,30.2,97
293,407160,23.43.50,1,NASI-1,LAYAK,0.2346,0.8659,0.9872,0.9736,30.2,97
294,407774,23.43.51,1,NASI-1,LAYAK,0.2353,0.8665,0.9872,0.9672,30.2,97
295,408184,23.43.51,1,NASI-1,LAYAK,0.2356,0.8677,0.982,0.9701,30.2,97
296,408798,23.43.52,1,NASI-1,LAYAK,0.2372,0.8689,0.9866,0.9715,30.2,97
297,409208,23.43.52,1,NASI-1,LAYAK,0.2402,0.8791,0.9964,0.9893,30.2,97
298,409822,23.43.53,1,NASI-1,LAYAK,0.2387,0.8689,0.9872,0.9701,30.2,96
299,410232,23.43.53,1,NASI-1,LAYAK,0.2412,0.8833,0.9977,0.9901,30.2,96
300,410641,23.43.54,1,NASI-1,LAYAK,0.2361,0.8689,0.9866,0.9729,30.2,96
301,411256,23.43.54,1,NASI-1,LAYAK,0.8445,0.8731,0.9872,0.9807,30.2,96
302,411666,23.43.55,1,NASI-1,LAYAK,0.756,0.8695,0.9885,0.9829,30.2,96
303,412280,23.43.55,1,NASI-1,LAYAK,0.8706,0.8731,0.9872,0.9843,30.2,93.8
304,412689,23.43.56,1,NASI-1,LAYAK,0.2366,0.8659,0.9846,0.9715,30.2,93.8
305,413304,23.43.56,1,NASI-1,LAYAK,0.2367,0.8701,0.9872,0.975,30.2,93.8
306,413714,23.43.57,1,NASI-1,LAYAK,0.2399,0.8797,0.9997,0.9915,30.2,93.8
307,414330,23.43.57,1,NASI-1,LAYAK,0.2359,0.8683,0.9885,0.9701,30.2,93.8
308,414745,23.43.58,1,NASI-1,LAYAK,0.239,0.8791,1.0017,0.9893,30.2,93.8
309,415149,23.43.58,1,NASI-1,LAYAK,0.2369,0.8665,0.9879,0.9715,30.2,93.8
310,415761,23.43.59,1,NASI-1,LAYAK,0.2363,0.8683,0.9872,0.9686,30.2,93.8
311,416173,23.43.59,1,NASI-1,LAYAK,0.2354,0.8689,0.9911,0.9715,30.2,93.8
312,416786,23.44.00,1,NASI-1,LAYAK,0.7614,0.8701,0.9879,0.9843,30.2,93.8
313,417197,23.44.00,1,NASI-1,LAYAK,0.7926,0.8845,0.9991,0.9966,30.2,94.3
314,417810,23.44.01,1,NASI-1,LAYAK,0.6514,0.8719,0.9885,0.9814,30.2,94.3
315,418220,23.44.01,1,NASI-1,LAYAK,0.6811,0.8815,1.001,0.993,30.2,94.3
316,418834,23.44.02,1,NASI-1,LAYAK,0.718,0.8755,0.9872,0.9786,30.2,94.3
317,419244,23.44.02,1,NASI-1,LAYAK,0.7165,0.887,0.9964,0.993,30.2,94.3
318,419653,23.44.03,1,NASI-1,LAYAK,0.4806,0.8755,0.9853,0.98,30.2,94.3
319,420268,23.44.03,1,NASI-1,LAYAK,0.4212,0.8725,0.9872,0.9736,30.2,94.3
320,420677,23.44.04,1,NASI-1,LAYAK,0.4283,0.8707,0.9859,0.9786,30.2,94.3
321,421292,23.44.04,1,NASI-1,LAYAK,0.4174,0.8713,0.9866,0.9786,30.2,94.3
322,421701,23.44.05,1,NASI-1,LAYAK,0.4105,0.8845,0.9977,0.9893,30.2,94.3
323,422344,23.44.05,1,NASI-1,LAYAK,0.8458,0.8725,0.9853,0.9807,30.2,92.7
324,422725,23.44.06,1,NASI-1,LAYAK,0.6839,0.8815,0.9984,0.9988,30.2,92.7
325,423135,23.44.06,1,NASI-1,LAYAK,0.7818,0.8755,0.9872,0.9814,30.2,92.7
326,423749,23.44.07,1,NASI-1,LAYAK,0.659,0.8743,0.9872,0.9829,30.2,92.7
327,424159,23.44.07,1,NASI-1,LAYAK,0.8458,0.8761,0.9872,0.9843,30.2,92.7
328,424773,23.44.08,1,NASI-1,LAYAK,0.8071,0.8773,0.9872,0.9865,30.2,92.8
329,425183,23.44.08,1,NASI-1,LAYAK,0.7858,0.8749,0.9872,0.9829,30.2,92.8
330,425797,23.44.09,1,NASI-1,LAYAK,0.7852,0.8779,0.9905,0.985,30.2,92.8
331,426207,23.44.09,1,NASI-1,LAYAK,0.7966,0.8876,1.0017,0.9952,30.2,92.8
332,426821,23.44.10,1,NASI-1,LAYAK,0.7869,0.8713,0.9872,0.98,30.2,92.8
333,427231,23.44.10,1,NASI-1,LAYAK,0.7972,0.8882,1.0004,0.9981,30.2,93.2
334,427642,23.44.11,1,NASI-1,LAYAK,0.7886,0.8731,0.9905,0.9814,30.2,93.2
335,428255,23.44.11,1,NASI-1,LAYAK,0.7886,0.8785,0.9879,0.985,30.2,93.2
336,428665,23.44.12,1,NASI-1,LAYAK,0.7892,0.8773,0.9885,0.9857,30.2,93.2
337,429279,23.44.12,1,NASI-1,LAYAK,0.779,0.8767,0.9898,0.985,30.2,93.2
338,429689,23.44.13,1,NASI-1,LAYAK,0.716,0.8749,0.9833,0.9843,30.2,93.9
339,430303,23.44.13,1,NASI-1,LAYAK,0.6801,0.8773,0.9898,0.9821,30.2,93.9
340,430815,23.44.14,1,NASI-1,LAYAK,0.242,0.8845,0.9977,0.9893,30.2,93.9
341,431328,23.44.14,1,NASI-1,LAYAK,0.2415,0.8803,1.0004,0.9915,30.2,93.9
342,431737,23.44.15,1,NASI-1,LAYAK,0.2422,0.8809,1.001,0.9908,30.2,93.9
343,432149,23.44.15,1,NASI-1,LAYAK,0.2372,0.8695,0.9872,0.9757,30.2,94.6
344,432761,23.44.16,1,NASI-1,LAYAK,0.2376,0.8695,0.9872,0.9729,30.2,94.6
345,433171,23.44.16,1,NASI-1,LAYAK,0.2371,0.8695,0.9872,0.9729,30.2,94.6
346,433785,23.44.17,1,NASI-1,LAYAK,0.7354,0.8779,0.9885,0.98,30.2,94.6
347,434195,23.44.17,1,NASI-1,LAYAK,0.7385,0.8851,1.001,0.9944,30.2,94.6
348,434808,23.44.18,1,NASI-1,LAYAK,0.7266,0.8755,0.9892,0.9829,30.2,94.8
349,435219,23.44.18,1,NASI-1,LAYAK,0.7598,0.8876,1.001,1.0032,30.2,94.8
350,435833,23.44.19,1,NASI-1,LAYAK,0.748,0.8785,0.9892,0.9857,30.2,94.8
351,436246,23.44.19,1,NASI-1,LAYAK,0.7464,0.8851,1.005,0.9981,30.2,94.8
352,436652,23.44.20,1,NASI-1,LAYAK,0.7464,0.8761,0.9905,0.9843,30.2,94.8
353,437267,23.44.20,1,NASI-1,LAYAK,0.7528,0.8888,1.0198,1.004,30.2,95.2
354,437676,23.44.21,1,NASI-1,LAYAK,0.7375,0.8755,0.9905,0.9829,30.2,95.2
355,438291,23.44.21,1,NASI-1,LAYAK,0.7364,0.8761,0.9879,0.9807,30.2,95.2
356,438700,23.44.22,1,NASI-1,LAYAK,0.7485,0.8863,1.0044,1.0018,30.2,95.2
357,439315,23.44.22,1,NASI-1,LAYAK,0.7396,0.8755,0.9905,0.9821,30.2,95.2
358,439725,23.44.23,1,NASI-1,LAYAK,0.7485,0.8882,1.001,0.9996,30.2,94.7
359,440339,23.44.23,1,NASI-1,LAYAK,0.7354,0.8791,0.9958,0.9821,30.2,94.7
360,440748,23.44.24,1,NASI-1,LAYAK,0.7448,0.8888,1.0057,0.9981,30.2,94.7
361,441158,23.44.24,1,NASI-1,LAYAK,0.7354,0.8773,0.9958,0.9857,30.2,94.7
362,441772,23.44.25,1,NASI-1,LAYAK,0.7364,0.8785,0.9911,0.9814,30.2,94.7
363,442182,23.44.25,1,NASI-1,LAYAK,0.7359,0.8755,0.9918,0.9872,30.2,93.9
364,442797,23.44.26,1,NASI-1,LAYAK,0.7364,0.8761,0.9885,0.985,30.2,93.9
365,443206,23.44.26,1,NASI-1,LAYAK,0.7438,0.8888,1.0198,0.9996,30.2,93.9
366,443821,23.44.27,1,NASI-1,LAYAK,0.7333,0.8767,0.9931,0.9843,30.2,93.9
367,444231,23.44.27,1,NASI-1,LAYAK,0.7438,0.8882,1.0037,1.0018,30.2,93.9
368,444640,23.44.28,1,NASI-1,LAYAK,0.7333,0.8785,0.9931,0.9857,30.2,93.5
369,445254,23.44.28,1,NASI-1,LAYAK,0.7328,0.8737,0.9938,0.985,30.2,93.5
370,445664,23.44.29,1,NASI-1,LAYAK,0.718,0.8755,0.9931,0.9821,30.2,93.5
371,446279,23.44.29,1,NASI-1,LAYAK,0.718,0.8761,0.9925,0.9857,30.2,93.5
372,446688,23.44.30,1,NASI-1,LAYAK,0.7175,0.8761,0.9931,0.9893,30.2,93.5
373,447302,23.44.30,1,NASI-1,LAYAK,0.714,0.8761,0.9905,0.9843,30.2,93.1
374,447712,23.44.31,1,NASI-1,LAYAK,0.737,0.8882,1.0017,1.0003,30.2,93.1
375,448326,23.44.31,1,NASI-1,LAYAK,0.7041,0.8761,0.9918,0.9836,30.2,93.1
376,448736,23.44.32,1,NASI-1,LAYAK,0.7115,0.887,1.0198,0.9996,30.2,93.1
377,449146,23.44.32,1,NASI-1,LAYAK,0.72,0.8707,0.9938,0.9829,30.2,93.1
378,449761,23.44.33,1,NASI-1,LAYAK,0.7125,0.8737,0.9905,0.9829,30.2,92.8
379,450170,23.44.33,1,NASI-1,LAYAK,0.6896,0.8857,1.0044,0.9966,30.2,92.8
380,450784,23.44.34,1,NASI-1,LAYAK,0.6887,0.8797,0.9918,0.9872,30.2,92.8
381,451194,23.44.34,1,NASI-1,LAYAK,0.6667,0.8773,0.9911,0.9793,30.2,92.8
382,451808,23.44.35,1,NASI-1,LAYAK,0.6408,0.8755,0.9931,0.9872,30.2,92.8
383,452320,23.44.35,1,NASI-1,LAYAK,0.6811,0.8888,1.005,1.0003,30.2,92.7
384,452832,23.44.36,1,NASI-1,LAYAK,0.6839,0.8857,0.9951,0.9981,30.2,92.7
385,453242,23.44.36,1,NASI-1,LAYAK,0.5607,0.8863,1.0044,0.9944,30.2,92.7
386,453661,23.44.37,1,NASI-1,LAYAK,0.5808,0.8737,0.9905,0.9843,30.2,92.7
387,454269,23.44.37,1,NASI-1,LAYAK,0.245,0.8894,1.0198,0.9814,30.2,92.7
388,454676,23.44.38,1,NASI-1,LAYAK,0.2429,0.8809,0.9997,0.9743,30.2,92.3
389,455290,23.44.38,1,NASI-1,LAYAK,0.2424,0.8797,1.0037,0.9786,30.2,92.3
390,455699,23.44.39,1,NASI-1,LAYAK,0.2474,0.8888,1.0198,0.993,30.2,92.3
391,456314,23.44.39,1,NASI-1,LAYAK,0.6797,0.8827,1.0037,0.985,30.2,92.3
392,456724,23.44.40,1,NASI-1,LAYAK,0.2465,0.8894,1.0198,0.9959,30.2,92.3
393,457364,23.44.40,1,NASI-1,LAYAK,0.5808,0.8912,1.0198,0.9996,30.2,92.2
394,457749,23.44.41,1,NASI-1,LAYAK,0.5808,0.8912,1.0198,0.9996,30.2,92.2
395,458160,23.44.41,1,NASI-1,LAYAK,0.242,0.8803,0.9984,0.9708,30.2,92.2
396,458772,23.44.42,1,NASI-1,LAYAK,0.242,0.8773,1.0017,0.9793,30.2,92.2
397,459181,23.44.42,1,NASI-1,LAYAK,0.2427,0.8797,0.9977,0.9786,30.2,92.2
398,459796,23.44.43,1,NASI-1,LAYAK,0.6694,0.8827,0.9977,0.9879,30.2,92.7
399,460205,23.44.43,1,NASI-1,LAYAK,0.6241,0.8919,1.0198,0.9966,30.2,92.7
400,460820,23.44.44,1,NASI-1,LAYAK,0.2412,0.8785,0.9964,0.9743,30.2,92.7
401,461230,23.44.44,1,NASI-1,LAYAK,0.2516,0.887,1.0198,0.9901,30.2,92.7
402,461639,23.44.45,1,NASI-1,LAYAK,0.2402,0.8767,0.9991,0.9715,30.2,92.7
403,462254,23.44.45,1,NASI-1,LAYAK,0.8771,0.8803,0.9984,0.9857,30.2,93.1
404,462663,23.44.46,1,NASI-1,LAYAK,0.8824,0.8845,0.9984,0.9843,30.2,93.1
405,463277,23.44.46,1,NASI-1,LAYAK,0.5977,0.8839,0.9984,0.9843,30.2,93.1
406,463711,23.44.47,1,NASI-1,LAYAK,0.8877,0.8876,0.9958,0.985,30.2,93.1
407,464302,23.44.47,1,NASI-1,LAYAK,0.8738,0.887,1.0004,0.9814,30.2,93.1
408,464711,23.44.48,1,NASI-1,LAYAK,0.885,0.8968,1.0198,0.9974,30.2,93.4
409,465326,23.44.48,1,NASI-1,LAYAK,0.8745,0.887,1.0017,0.9865,30.2,93.4
410,205,23.58.28,2,AYAM-1,LAYAK,1.0184,0.9501,1.0594,1.0623,29.9,89.2
411,819,23.58.29,2,AYAM-1,LAYAK,1.0063,0.9388,1.0474,1.0489,29.9,89.2
412,1229,23.58.29,2,AYAM-1,LAYAK,1.0208,0.9467,1.0558,1.0647,29.9,89.2
413,1843,23.58.30,2,AYAM-1,LAYAK,1.0103,0.9401,1.0488,1.0512,29.9,89.2
414,2253,23.58.30,2,AYAM-1,LAYAK,1.0257,0.9521,1.0622,1.0671,29.9,89.2
415,2662,23.58.31,2,AYAM-1,LAYAK,1.0103,0.9395,1.0495,1.0536,29.9,89.3
416,3277,23.58.31,2,AYAM-1,LAYAK,1.0232,0.9501,1.0622,1.0679,29.9,89.3
417,3686,23.58.32,2,AYAM-1,LAYAK,1.0119,0.9401,1.0502,1.052,29.9,89.3
418,4301,23.58.32,2,AYAM-1,LAYAK,1.0087,0.9408,1.0509,1.0512,29.9,89.3
419,4710,23.58.33,2,AYAM-1,LAYAK,1.02,0.9501,1.0615,1.0639,29.9,89.3
420,5325,23.58.33,2,AYAM-1,LAYAK,1.0103,0.9382,1.0495,1.0496,29.9,89.2
421,5735,23.58.34,2,AYAM-1,LAYAK,1.0216,0.9527,1.0622,1.0679,29.9,89.2
422,6349,23.58.34,2,AYAM-1,LAYAK,1.0047,0.9388,1.0488,1.0489,29.9,89.2
423,6758,23.58.35,2,AYAM-1,LAYAK,1.0281,0.9588,1.0672,1.0695,29.9,89.2
424,7168,23.58.35,2,AYAM-1,LAYAK,1.0184,0.9467,1.0509,1.0536,29.9,89.2
425,7785,23.58.36,2,AYAM-1,LAYAK,1.0079,0.9428,1.0516,1.0528,29.9,89.2
426,8192,23.58.36,2,AYAM-1,LAYAK,1.0079,0.9415,1.0502,1.0496,29.9,89.2
427,8807,23.58.37,2,AYAM-1,LAYAK,1.0087,0.9408,1.0509,1.0504,29.9,89.2
428,9216,23.58.37,2,AYAM-1,LAYAK,1.024,0.9507,1.0636,1.0663,29.9,89.2
429,9830,23.58.38,2,AYAM-1,LAYAK,1.0135,0.9401,1.0502,1.052,29.9,89.2
430,10240,23.58.38,2,AYAM-1,LAYAK,1.0265,0.9541,1.0622,1.0671,29.9,89.2
431,10650,23.58.39,2,AYAM-1,LAYAK,1.0063,0.9388,1.0509,1.0512,29.9,89.2
432,11264,23.58.39,2,AYAM-1,LAYAK,1.0119,0.9415,1.0516,1.052,29.9,89.2
433,11674,23.58.40,2,AYAM-1,LAYAK,1.0151,0.9395,1.0488,1.0512,29.9,89.2
434,12288,23.58.40,2,AYAM-1,LAYAK,1.0119,0.9454,1.0523,1.0552,29.9,89.2
435,12698,23.58.41,2,AYAM-1,LAYAK,1.0047,0.9395,1.0509,1.0496,29.9,89.3
436,13312,23.58.41,2,AYAM-1,LAYAK,1.0071,0.9428,1.0516,1.0528,29.9,89.3
437,13722,23.58.42,2,AYAM-1,LAYAK,1.0265,0.9594,1.0629,1.0671,29.9,89.3
438,14337,23.58.42,2,AYAM-1,LAYAK,1.0103,0.9421,1.0502,1.052,29.9,89.3
439,14746,23.58.43,2,AYAM-1,LAYAK,1.0273,0.9467,1.0629,1.0671,29.9,89.3
440,15156,23.58.43,2,AYAM-1,LAYAK,1.0103,0.9421,1.0495,1.0536,29.9,89.3
441,15770,23.58.44,2,AYAM-1,LAYAK,1.0176,0.9408,1.0523,1.0496,29.9,89.3
442,16180,23.58.44,2,AYAM-1,LAYAK,1.0119,0.9434,1.0523,1.052,29.9,89.3
443,16794,23.58.45,2,AYAM-1,LAYAK,1.0143,0.9428,1.0523,1.052,29.9,89.3
444,17204,23.58.45,2,AYAM-1,LAYAK,1.0273,0.9541,1.0644,1.0703,29.9,89.3
445,17820,23.58.46,2,AYAM-1,LAYAK,1.0167,0.9401,1.0523,1.052,29.9,89.2
446,18248,23.58.46,2,AYAM-1,LAYAK,1.0281,0.9561,1.0636,1.0671,29.9,89.2
447,18844,23.58.47,2,AYAM-1,LAYAK,1.0151,0.9461,1.0523,1.0544,29.9,89.2
448,19253,23.58.47,2,AYAM-1,LAYAK,1.029,0.9521,1.0636,1.0711,29.9,89.2
449,19661,23.58.48,2,AYAM-1,LAYAK,1.0322,0.9441,1.0523,1.0512,29.9,89.2
450,20276,23.58.48,2,AYAM-1,LAYAK,1.029,0.9594,1.0658,1.0695,29.9,89.1
451,20686,23.58.49,2,AYAM-1,LAYAK,1.0135,0.9434,1.0516,1.0536,29.9,89.1
452,21300,23.58.49,2,AYAM-1,LAYAK,1.0167,0.9401,1.0537,1.0567,29.9,89.1
453,21710,23.58.50,2,AYAM-1,LAYAK,1.029,0.9554,1.0644,1.0711,29.9,89.1
454,22324,23.58.50,2,AYAM-1,LAYAK,1.0167,0.9434,1.0544,1.0567,29.9,89.1
455,22736,23.58.51,2,AYAM-1,LAYAK,1.029,0.9669,1.0636,1.0744,29.9,89
456,23143,23.58.51,2,AYAM-1,LAYAK,1.0143,0.9481,1.0537,1.0567,29.9,89
457,23760,23.58.52,2,AYAM-1,LAYAK,1.0151,0.9454,1.0544,1.0552,29.9,89
458,24167,23.58.52,2,AYAM-1,LAYAK,1.0184,0.9461,1.0523,1.052,29.9,89
459,24782,23.58.53,2,AYAM-1,LAYAK,1.0498,0.9487,1.0537,1.0552,29.9,89
460,25191,23.58.53,2,AYAM-1,LAYAK,1.02,0.9434,1.0537,1.052,29.9,89
461,25806,23.58.54,2,AYAM-1,LAYAK,1.0167,0.9481,1.0537,1.0575,29.9,89
462,26215,23.58.54,2,AYAM-1,LAYAK,1.0331,0.9574,1.0615,1.0695,29.9,89
463,26829,23.58.55,2,AYAM-1,LAYAK,1.0159,0.9461,1.0537,1.0559,29.9,89
464,27239,23.58.55,2,AYAM-1,LAYAK,1.029,0.9588,1.0672,1.0695,29.9,89
465,27649,23.58.56,2,AYAM-1,LAYAK,1.0184,0.9481,1.0565,1.0544,29.9,88.7
466,28264,23.58.56,2,AYAM-1,LAYAK,1.0208,0.9467,1.0544,1.0552,29.9,88.7
467,28673,23.58.57,2,AYAM-1,LAYAK,1.02,0.9481,1.053,1.0536,29.9,88.7
468,29288,23.58.57,2,AYAM-1,LAYAK,1.02,0.9474,1.0544,1.0599,29.9,88.7
469,29697,23.58.58,2,AYAM-1,LAYAK,1.0159,0.9454,1.0439,1.0544,29.9,88.7
470,30311,23.58.58,2,AYAM-1,LAYAK,1.0184,0.9494,1.0537,1.0544,29.9,88.7
471,30721,23.58.59,2,AYAM-1,LAYAK,1.029,0.9574,1.0636,1.0727,29.9,88.7
472,31336,23.58.59,2,AYAM-1,LAYAK,1.0232,0.9474,1.0544,1.0599,29.9,88.7
473,31745,23.59.00,2,AYAM-1,LAYAK,1.029,0.9574,1.0658,1.0711,29.9,88.7
474,32156,23.59.00,2,AYAM-1,LAYAK,1.0184,0.9481,1.0565,1.0536,29.9,88.7
475,32770,23.59.01,2,AYAM-1,LAYAK,1.0216,0.9481,1.0544,1.0544,29.9,88.7
476,33179,23.59.01,2,AYAM-1,LAYAK,1.0184,0.9454,1.0537,1.0567,29.9,88.7
477,33793,23.59.02,2,AYAM-1,LAYAK,1.0111,0.9487,1.0558,1.0575,29.9,88.7
478,34203,23.59.02,2,AYAM-1,LAYAK,1.0257,0.9574,1.0608,1.0631,29.9,88.7
479,34820,23.59.03,2,AYAM-1,LAYAK,1.0389,0.9514,1.0636,1.0647,29.9,88.7
480,35227,23.59.03,2,AYAM-1,LAYAK,1.0397,0.9642,1.0737,1.0825,29.9,88.9
481,35842,23.59.04,2,AYAM-1,LAYAK,1.0257,0.9534,1.0629,1.0631,29.9,88.9
482,36252,23.59.04,2,AYAM-1,LAYAK,1.0397,0.9676,1.0751,1.076,29.9,88.9
483,36661,23.59.05,2,AYAM-1,LAYAK,1.029,0.9501,1.0622,1.0623,29.9,88.9
484,37277,23.59.05,2,AYAM-1,LAYAK,1.0355,0.9615,1.0751,1.0841,29.9,88.9
485,37695,23.59.06,2,AYAM-1,LAYAK,1.0208,0.9501,1.0622,1.0647,29.9,89.2
486,38299,23.59.06,2,AYAM-1,LAYAK,1.0249,0.9501,1.0601,1.0631,29.9,89.2
487,38709,23.59.07,2,AYAM-1,LAYAK,0.9883,0.9635,1.073,1.0784,29.9,89.2
488,39324,23.59.07,2,AYAM-1,LAYAK,1.0232,0.9501,1.0587,1.0623,29.9,89.2
489,39733,23.59.08,2,AYAM-1,LAYAK,1.0167,0.9568,1.073,1.076,29.9,89.2
490,40348,23.59.08,2,AYAM-1,LAYAK,1.0216,0.9507,1.0615,1.0655,29.9,89.3
491,40757,23.59.09,2,AYAM-1,LAYAK,1.0364,0.9628,1.073,1.0792,29.9,89.3
492,41174,23.59.09,2,AYAM-1,LAYAK,1.0208,0.9501,1.0565,1.0615,29.9,89.3
493,41781,23.59.10,2,AYAM-1,LAYAK,1.0216,0.9501,1.0594,1.0623,29.9,89.3
494,42190,23.59.10,2,AYAM-1,LAYAK,1.0151,0.9487,1.0558,1.0623,29.9,89.3
495,42806,23.59.11,2,AYAM-1,LAYAK,1.0119,0.9467,1.0587,1.0615,29.9,89.3
496,43215,23.59.11,2,AYAM-1,LAYAK,1.0314,0.9588,1.0672,1.076,29.9,89.3
497,43829,23.59.12,2,AYAM-1,LAYAK,1.0176,0.9501,1.0551,1.0615,29.9,89.3
498,44239,23.59.12,2,AYAM-1,LAYAK,1.0265,0.9541,1.0636,1.0752,29.9,89.3
499,44648,23.59.13,2,AYAM-1,LAYAK,1.0176,0.9467,1.0565,1.0615,29.9,89.3
500,45263,23.59.13,2,AYAM-1,LAYAK,1.0167,0.9467,1.0558,1.0623,29.9,89.4
501,45775,23.59.14,2,AYAM-1,LAYAK,1.0151,0.9494,1.0551,1.0623,29.9,89.4
502,46287,23.59.14,2,AYAM-1,LAYAK,1.038,0.9481,1.0558,1.0615,29.9,89.4
503,46696,23.59.15,2,AYAM-1,LAYAK,1.0192,0.9467,1.0558,1.0623,29.9,89.4
504,47341,23.59.15,2,AYAM-1,LAYAK,1.0192,0.9415,1.0544,1.0623,29.9,89.4
505,47721,23.59.16,2,AYAM-1,LAYAK,1.0281,0.9568,1.0651,1.0776,30,89.7
506,48335,23.59.16,2,AYAM-1,LAYAK,1.0167,0.9467,1.0544,1.0615,30,89.7
507,48744,23.59.17,2,AYAM-1,LAYAK,1.029,0.9574,1.0679,1.0752,30,89.7
508,49154,23.59.17,2,AYAM-1,LAYAK,1.0208,0.9481,1.0558,1.0599,30,89.7
509,49768,23.59.18,2,AYAM-1,LAYAK,1.0151,0.9487,1.053,1.0575,30,89.7
510,50178,23.59.18,2,AYAM-1,LAYAK,1.0176,0.9474,1.0544,1.0607,29.9,89.5
511,50792,23.59.19,2,AYAM-1,LAYAK,1.0184,0.9487,1.0558,1.0623,29.9,89.5
512,51202,23.59.19,2,AYAM-1,LAYAK,1.0159,0.9467,1.0551,1.0623,29.9,89.5
513,51817,23.59.20,2,AYAM-1,LAYAK,1.02,0.9494,1.0587,1.0623,29.9,89.5
514,52226,23.59.20,2,AYAM-1,LAYAK,1.0314,0.9642,1.0715,1.0768,29.9,89.5
515,52840,23.59.21,2,AYAM-1,LAYAK,1.0176,0.9501,1.0572,1.0583,29.9,89.5
516,53250,23.59.21,2,AYAM-1,LAYAK,1.029,0.9615,1.0679,1.0752,29.9,89.5
517,53660,23.59.22,2,AYAM-1,LAYAK,1.0143,0.9467,1.0558,1.0623,29.9,89.5
518,54274,23.59.22,2,AYAM-1,LAYAK,1.0306,0.9601,1.0751,1.0866,29.9,89.5
519,54684,23.59.23,2,AYAM-1,LAYAK,1.0143,0.9494,1.053,1.0615,29.9,89.5
520,55299,23.59.23,2,AYAM-1,LAYAK,1.0208,0.9494,1.053,1.0623,29.9,89.6
521,55709,23.59.24,2,AYAM-1,LAYAK,1.0306,0.9588,1.0672,1.0784,29.9,89.6
522,56323,23.59.24,2,AYAM-1,LAYAK,1.02,0.9481,1.0558,1.0631,29.9,89.6
523,56732,23.59.25,2,AYAM-1,LAYAK,1.0281,0.9574,1.0672,1.0768,29.9,89.6
524,57358,23.59.25,2,AYAM-1,LAYAK,1.0208,0.9487,1.0537,1.0623,29.9,89.6
525,57756,23.59.26,2,AYAM-1,LAYAK,1.0151,0.9608,1.0744,1.0647,29.9,89.6
526,58166,23.59.26,2,AYAM-1,LAYAK,1.0167,0.9494,1.0544,1.0623,29.9,89.6
527,58780,23.59.27,2,AYAM-1,LAYAK,1.0055,0.9635,1.0658,1.0776,29.9,89.6
528,59190,23.59.27,2,AYAM-1,LAYAK,1.0159,0.9461,1.0537,1.0607,29.9,89.6
529,59804,23.59.28,2,AYAM-1,LAYAK,1.0135,0.9521,1.0558,1.0615,29.9,89.6
530,60220,23.59.28,2,AYAM-1,LAYAK,1.02,0.9649,1.0658,1.0825,29.9,89.7
531,60828,23.59.29,2,AYAM-1,LAYAK,1.0167,0.9481,1.0558,1.0623,29.9,89.7
532,61252,23.59.29,2,AYAM-1,LAYAK,1.029,0.9561,1.0701,1.0752,29.9,89.7
533,61648,23.59.30,2,AYAM-1,LAYAK,1.0143,0.9501,1.0572,1.0615,29.9,89.7
534,62262,23.59.30,2,AYAM-1,LAYAK,1.02,0.9494,1.0565,1.0607,29.9,89.7
535,62672,23.59.31,2,AYAM-1,LAYAK,1.0151,0.9494,1.0544,1.0615,29.9,89.6
536,63287,23.59.31,2,AYAM-1,LAYAK,1.0151,0.9501,1.0544,1.0607,29.9,89.6
537,63696,23.59.32,2,AYAM-1,LAYAK,1.0176,0.9467,1.0523,1.0599,29.9,89.6
538,64310,23.59.32,2,AYAM-1,LAYAK,1.0192,0.9467,1.058,1.0615,29.9,89.6
539,64722,23.59.33,2,AYAM-1,LAYAK,1.029,0.9594,1.0658,1.0752,29.9,89.6
540,65334,23.59.33,2,AYAM-1,LAYAK,1.0184,0.9494,1.0587,1.0623,29.9,89.8
541,65744,23.59.34,2,AYAM-1,LAYAK,1.029,0.9608,1.0651,1.0776,29.9,89.8
542,66153,23.59.34,2,AYAM-1,LAYAK,1.0184,0.9487,1.0537,1.0615,29.9,89.8
543,66768,23.59.35,2,AYAM-1,LAYAK,1.0184,0.9501,1.0558,1.0623,29.9,89.8
544,67177,23.59.35,2,AYAM-1,LAYAK,1.0167,0.9494,1.0565,1.0623,29.9,89.8
545,67791,23.59.36,2,AYAM-1,LAYAK,1.0167,0.9507,1.0558,1.0623,29.9,89.9
546,68201,23.59.36,2,AYAM-1,LAYAK,1.0176,0.9494,1.0551,1.0623,29.9,89.9
547,68816,23.59.37,2,AYAM-1,LAYAK,1.0159,0.9501,1.0572,1.0623,29.9,89.9
548,69226,23.59.37,2,AYAM-1,LAYAK,1.029,0.9588,1.0686,1.0752,29.9,89.9
549,69840,23.59.38,2,AYAM-1,LAYAK,1.0167,0.9494,1.0565,1.0623,29.9,89.9
550,70249,23.59.38,2,AYAM-1,LAYAK,1.0306,0.9601,1.0672,1.0752,29.9,89.8
551,70659,23.59.39,2,AYAM-1,LAYAK,1.0208,0.9601,1.0565,1.0607,29.9,89.8
552,71273,23.59.39,2,AYAM-1,LAYAK,0.986,0.9501,1.0601,1.0615,29.9,89.8
553,71683,23.59.40,2,AYAM-1,LAYAK,1.024,0.9501,1.0572,1.0623,29.9,89.8
554,72298,23.59.40,2,AYAM-1,LAYAK,1.0159,0.9467,1.0558,1.0599,29.9,89.8
555,72707,23.59.41,2,AYAM-1,LAYAK,1.0151,0.9467,1.0523,1.0607,29.9,89.7
556,73322,23.59.41,2,AYAM-1,LAYAK,1.0167,0.9487,1.0587,1.0623,29.9,89.7
557,73731,23.59.42,2,AYAM-1,LAYAK,1.029,0.9621,1.0708,1.0768,29.9,89.7
558,74345,23.59.42,2,AYAM-1,LAYAK,1.02,0.9507,1.0558,1.0607,29.9,89.7
559,74756,23.59.43,2,AYAM-1,LAYAK,1.0314,0.9588,1.0701,1.0784,29.9,89.7
560,75165,23.59.43,2,AYAM-1,LAYAK,1.0208,0.9501,1.0544,1.0623,29.9,89.6
561,75779,23.59.44,2,AYAM-1,LAYAK,1.0176,0.9501,1.0601,1.0623,29.9,89.6
562,76189,23.59.44,2,AYAM-1,LAYAK,1.0167,0.9494,1.0565,1.0599,29.9,89.6
563,76805,23.59.45,2,AYAM-1,LAYAK,1.0232,0.9501,1.0636,1.0615,29.9,89.6
564,77213,23.59.45,2,AYAM-1,LAYAK,1.0298,0.9608,1.0686,1.0825,29.9,89.6
565,77828,23.59.46,2,AYAM-1,LAYAK,1.0216,0.9494,1.0601,1.0623,29.9,89.4
566,78237,23.59.46,2,AYAM-1,LAYAK,1.0306,0.9628,1.0672,1.076,29.9,89.4
567,78647,23.59.47,2,AYAM-1,LAYAK,1.0232,0.9501,1.0587,1.0623,29.9,89.4
568,79261,23.59.47,2,AYAM-1,LAYAK,1.0176,0.9501,1.0594,1.0623,29.9,89.4
569,79671,23.59.48,2,AYAM-1,LAYAK,1.0184,0.9501,1.0565,1.0607,29.9,89.4
570,80285,23.59.48,2,AYAM-1,LAYAK,1.02,0.9501,1.0608,1.0623,29.9,89.3
571,80695,23.59.49,2,AYAM-1,LAYAK,1.0167,0.9501,1.0587,1.0615,29.9,89.3
572,81309,23.59.49,2,AYAM-1,LAYAK,1.0151,0.9501,1.0558,1.0647,29.9,89.3
573,81718,23.59.50,2,AYAM-1,LAYAK,1.0306,0.9601,1.0701,1.0776,29.9,89.3
574,82333,23.59.50,2,AYAM-1,LAYAK,1.02,0.9501,1.0587,1.0647,29.9,89.3
575,82743,23.59.51,2,AYAM-1,LAYAK,1.029,0.9608,1.0737,1.076,29.9,89.2
576,83152,23.59.51,2,AYAM-1,LAYAK,1.0281,0.9494,1.0551,1.0615,29.9,89.2
577,83767,23.59.52,2,AYAM-1,LAYAK,1.0249,0.9501,1.0587,1.0615,29.9,89.2
578,84177,23.59.52,2,AYAM-1,LAYAK,1.0087,0.9501,1.0572,1.0607,29.9,89.2
579,84796,23.59.53,2,AYAM-1,LAYAK,1.0232,0.9541,1.0587,1.0607,29.9,89.2
580,85206,23.59.53,2,AYAM-1,LAYAK,1.0127,0.9467,1.0544,1.0599,29.9,89.1
581,85815,23.59.54,2,AYAM-1,LAYAK,1.0167,0.9501,1.0544,1.0607,29.9,89.1
582,86225,23.59.54,2,AYAM-1,LAYAK,1.0306,0.9541,1.0672,1.076,29.9,89.1
583,86839,23.59.55,2,AYAM-1,LAYAK,1.0208,0.9501,1.0587,1.0599,29.9,89.1
584,87259,23.59.55,2,AYAM-1,LAYAK,1.0273,0.9615,1.0658,1.0752,29.9,89.1
585,87658,23.59.56,2,AYAM-1,LAYAK,1.0143,0.9574,1.0544,1.0615,29.9,89
586,88273,23.59.56,2,AYAM-1,LAYAK,1.0176,0.9501,1.0537,1.0583,29.9,89
587,88682,23.59.57,2,AYAM-1,LAYAK,1.0159,0.9487,1.0523,1.0607,29.9,89
588,89297,23.59.57,2,AYAM-1,LAYAK,1.0216,0.9494,1.0558,1.0623,29.9,89
589,89706,23.59.58,2,AYAM-1,LAYAK,1.0151,0.9467,1.0544,1.0599,29.9,89
590,90322,23.59.58,2,AYAM-1,LAYAK,1.0176,0.9481,1.0587,1.0607,29.9,89
591,90730,23.59.59,2,AYAM-1,LAYAK,1.0298,0.9554,1.0672,1.0752,29.9,89
592,91345,23.59.59,2,AYAM-1,LAYAK,1.0167,0.9467,1.0537,1.0599,29.9,89
593,91755,00.00.00,2,AYAM-1,LAYAK,1.0298,0.9588,1.0651,1.076,29.9,89
594,92165,00.00.00,2,AYAM-1,LAYAK,1.0135,0.9487,1.0551,1.0583,29.9,89
595,92779,00.00.01,2,AYAM-1,LAYAK,1.0119,0.9481,1.0551,1.0615,29.9,88.8
596,93189,00.00.01,2,AYAM-1,LAYAK,1.0151,0.9474,1.0537,1.0615,29.9,88.8
597,93803,00.00.02,2,AYAM-1,LAYAK,1.0208,0.9467,1.0572,1.0623,29.9,88.8
598,94212,00.00.02,2,AYAM-1,LAYAK,1.029,0.9608,1.0679,1.0752,29.9,88.8
599,94837,00.00.03,2,AYAM-1,LAYAK,1.0192,0.9507,1.0565,1.0623,29.9,88.8
600,95236,00.00.03,2,AYAM-1,LAYAK,1.0314,0.9615,1.0737,1.085,29.9,88.6
601,95646,00.00.04,2,AYAM-1,LAYAK,1.06,0.9541,1.0636,1.0671,29.9,88.6
602,96260,00.00.04,2,AYAM-1,LAYAK,1.029,0.9601,1.0658,1.0719,29.9,88.6
603,96670,00.00.05,2,AYAM-1,LAYAK,1.0339,0.9568,1.0651,1.0752,29.9,88.6
604,97284,00.00.05,2,AYAM-1,LAYAK,1.029,0.9561,1.0658,1.0744,29.9,88.6
605,97700,00.00.06,2,AYAM-1,LAYAK,1.0281,0.9568,1.0636,1.0735,29.9,88.5
606,98308,00.00.06,2,AYAM-1,LAYAK,1.02,0.9581,1.0615,1.0639,29.9,88.5
607,98820,00.00.07,2,AYAM-1,LAYAK,1.0389,0.9676,1.0751,1.0825,29.9,88.5
608,99332,00.00.07,2,AYAM-1,LAYAK,1.0372,0.9717,1.073,1.0874,29.9,88.5
609,99742,00.00.08,2,AYAM-1,LAYAK,1.0372,0.9676,1.0751,1.0833,29.9,88.5
610,100154,00.00.08,2,AYAM-1,LAYAK,0.9922,0.9561,1.0636,1.0671,29.9,88.4
611,100766,00.00.09,2,AYAM-1,LAYAK,1.0281,0.9534,1.0622,1.0679,29.9,88.4
612,101176,00.00.09,2,AYAM-1,LAYAK,1.0265,0.9514,1.0615,1.0647,29.9,88.4
613,101790,00.00.10,2,AYAM-1,LAYAK,1.029,0.9547,1.0601,1.0695,29.9,88.4
614,102301,00.00.10,2,AYAM-1,LAYAK,1.0281,0.9554,1.0629,1.0695,29.9,88.4
615,102816,00.00.11,2,AYAM-1,LAYAK,1.0364,0.971,1.0744,1.0833,29.9,88.3
616,103224,00.00.11,2,AYAM-1,LAYAK,1.038,0.9669,1.0737,1.0833,29.9,88.3
617,103942,00.00.12,2,AYAM-1,LAYAK,1.02,0.9696,1.0744,1.0858,29.9,88.3
618,104245,00.00.12,2,AYAM-1,LAYAK,1.02,0.9696,1.0744,1.0858,29.9,88.3
619,104657,00.00.13,2,AYAM-1,LAYAK,1.0273,0.9561,1.0629,1.0679,29.9,88.3
620,105272,00.00.13,2,AYAM-1,LAYAK,1.0208,0.9574,1.0644,1.0663,29.9,88.4
621,105682,00.00.14,2,AYAM-1,LAYAK,1.024,0.9534,1.0636,1.0695,29.9,88.4
622,106296,00.00.14,2,AYAM-1,LAYAK,1.0257,0.9561,1.0636,1.0663,29.9,88.4
623,106706,00.00.15,2,AYAM-1,LAYAK,1.02,0.9507,1.0594,1.0631,29.9,88.4
624,107326,00.00.15,2,AYAM-1,LAYAK,1.0265,0.9527,1.0615,1.0663,29.9,88.4
625,107832,00.00.16,2,AYAM-1,LAYAK,1.0347,0.9649,1.0751,1.0809,29.9,88.5
626,108344,00.00.16,2,AYAM-1,LAYAK,1.0331,0.9628,1.073,1.08,29.9,88.5
627,108754,00.00.17,2,AYAM-1,LAYAK,1.0314,0.9642,1.0686,1.0825,29.9,88.5
628,109163,00.00.17,2,AYAM-1,LAYAK,1.0208,0.9534,1.0622,1.0655,29.9,88.5
629,109778,00.00.18,2,AYAM-1,LAYAK,0.9992,0.9541,1.0651,1.0655,29.9,88.5
630,110188,00.00.18,2,AYAM-1,LAYAK,1.029,0.9534,1.0636,1.0655,29.9,88.4
631,110802,00.00.19,2,AYAM-1,LAYAK,1.0249,0.9527,1.0636,1.0695,29.9,88.4
632,111211,00.00.19,2,AYAM-1,LAYAK,1.0405,0.9689,1.0744,1.0882,29.9,88.4
633,111825,00.00.20,2,AYAM-1,LAYAK,1.0208,0.9588,1.0651,1.0679,29.9,88.4
634,112235,00.00.20,2,AYAM-1,LAYAK,1.0372,0.9731,1.0751,1.0858,29.9,88.4
635,112850,00.00.21,2,AYAM-1,LAYAK,1.0347,0.9568,1.0629,1.0711,29.9,88.6
636,113261,00.00.21,2,AYAM-1,LAYAK,1.0347,0.9642,1.0751,1.0858,29.9,88.6
637,113669,00.00.22,2,AYAM-1,LAYAK,1.0249,0.9568,1.0636,1.0727,29.9,88.6
638,114283,00.00.22,2,AYAM-1,LAYAK,1.0232,0.9669,1.0751,1.0841,29.9,88.6
639,114693,00.00.23,2,AYAM-1,LAYAK,1.0281,0.9568,1.0594,1.0711,29.9,88.6
640,115307,00.00.23,2,AYAM-1,LAYAK,1.0273,0.9561,1.0636,1.0703,29.9,88.4
641,115717,00.00.24,2,AYAM-1,LAYAK,1.0389,0.9676,1.0744,1.0841,29.9,88.4
642,116337,00.00.24,2,AYAM-1,LAYAK,1.02,0.9561,1.0636,1.0663,29.9,88.4
643,116741,00.00.25,2,AYAM-1,LAYAK,1.038,0.9655,1.0737,1.0858,29.9,88.4
644,117153,00.00.25,2,AYAM-1,LAYAK,1.0232,0.9547,1.0636,1.0695,29.9,88.4
645,117765,00.00.26,2,AYAM-1,LAYAK,1.0257,0.9568,1.0651,1.0719,29.9,88.3
646,118175,00.00.26,2,AYAM-1,LAYAK,1.02,0.9574,1.0622,1.0703,29.9,88.3
647,118789,00.00.27,2,AYAM-1,LAYAK,1.0249,0.9574,1.0636,1.0703,29.9,88.3
648,119199,00.00.27,2,AYAM-1,LAYAK,1.024,0.9534,1.0636,1.0711,29.9,88.3
649,119711,00.00.28,2,AYAM-1,LAYAK,1.0257,0.9568,1.0629,1.0727,29.9,88.3
650,120223,00.00.28,2,AYAM-1,LAYAK,1.0273,0.9541,1.0629,1.0703,29.9,88.4
651,120838,00.00.29,2,AYAM-1,LAYAK,1.0273,0.9554,1.0644,1.0703,29.9,88.4
652,121249,00.00.29,2,AYAM-1,LAYAK,1.038,0.9703,1.0758,1.0882,29.9,88.4
653,121656,00.00.30,2,AYAM-1,LAYAK,1.0265,0.9568,1.0651,1.0719,29.9,88.4
654,122271,00.00.30,2,AYAM-1,LAYAK,1.029,0.9588,1.0644,1.0735,29.9,88.4
655,122783,00.00.31,2,AYAM-1,LAYAK,1.0265,0.9574,1.0658,1.0711,29.9,88.4
656,123295,00.00.31,2,AYAM-1,LAYAK,1.0281,0.9615,1.0629,1.0671,29.9,88.4
657,123705,00.00.32,2,AYAM-1,LAYAK,1.0281,0.9514,1.0636,1.0711,29.9,88.4
658,124319,00.00.32,2,AYAM-1,LAYAK,1.0557,0.9534,1.0644,1.0735,29.9,88.4
659,124729,00.00.33,2,AYAM-1,LAYAK,1.0422,0.9724,1.0751,1.0882,29.9,88.4
660,125343,00.00.33,2,AYAM-1,LAYAK,1.024,0.9561,1.0629,1.0695,29.9,88
661,125753,00.00.34,2,AYAM-1,LAYAK,1.0364,0.9696,1.0751,1.0882,29.9,88
662,126162,00.00.34,2,AYAM-1,LAYAK,1.0232,0.9514,1.0636,1.0695,29.9,88
663,126777,00.00.35,2,AYAM-1,LAYAK,1.0265,0.9574,1.0636,1.0703,29.9,88
664,127192,00.00.35,2,AYAM-1,LAYAK,1.024,0.9541,1.0644,1.0735,29.9,88
665,127801,00.00.36,2,AYAM-1,LAYAK,1.024,0.9574,1.0644,1.0727,29.9,88.1
666,128210,00.00.36,2,AYAM-1,LAYAK,1.0364,0.9717,1.0766,1.0882,29.9,88.1
667,128825,00.00.37,2,AYAM-1,LAYAK,1.029,0.9574,1.0658,1.0727,29.9,88.1
668,129235,00.00.37,2,AYAM-1,LAYAK,1.0414,0.971,1.0831,1.0882,29.9,88.1
669,129851,00.00.38,2,AYAM-1,LAYAK,1.0265,0.9568,1.0651,1.0711,29.9,88.1
670,130258,00.00.38,2,AYAM-1,LAYAK,1.0447,0.971,1.0751,1.0891,29.9,88.1
671,130668,00.00.39,2,AYAM-1,LAYAK,1.029,0.9561,1.0644,1.0752,29.9,88.1
672,131282,00.00.39,2,AYAM-1,LAYAK,1.029,0.9574,1.0658,1.0735,29.9,88.1
673,131695,00.00.40,2,AYAM-1,LAYAK,1.0281,0.9588,1.0636,1.0744,29.9,88.1
674,132307,00.00.40,2,AYAM-1,LAYAK,1.0265,0.9588,1.0679,1.0752,29.9,88.1
675,132716,00.00.41,2,AYAM-1,LAYAK,1.0397,0.9717,1.0758,1.0891,29.9,88.3
676,133331,00.00.41,2,AYAM-1,LAYAK,1.0265,0.9594,1.0665,1.0727,29.9,88.3
677,133740,00.00.42,2,AYAM-1,LAYAK,1.0405,0.9703,1.0758,1.0874,29.9,88.3
678,134355,00.00.42,2,AYAM-1,LAYAK,1.0273,0.9568,1.0658,1.0695,29.9,88.3
679,134765,00.00.43,2,AYAM-1,LAYAK,1.0405,0.9696,1.078,1.0907,29.9,88.3
680,135174,00.00.43,2,AYAM-1,LAYAK,1.0265,0.9594,1.0636,1.0727,29.9,88.5
681,135789,00.00.44,2,AYAM-1,LAYAK,1.0405,0.9717,1.0766,1.0874,29.9,88.5
682,136198,00.00.44,2,AYAM-1,LAYAK,1.0273,0.9574,1.0636,1.0695,29.9,88.5
683,136812,00.00.45,2,AYAM-1,LAYAK,1.0008,0.9568,1.0636,1.0727,29.9,88.5
684,137222,00.00.45,2,AYAM-1,LAYAK,1.0184,0.9683,1.0751,1.0874,29.9,88.5
685,137836,00.00.46,2,AYAM-1,LAYAK,1.0265,0.9554,1.0672,1.0735,29.9,88.5
686,138246,00.00.46,2,AYAM-1,LAYAK,1.0364,0.9696,1.0751,1.0882,29.9,88.5
687,138668,00.00.47,2,AYAM-1,LAYAK,1.0208,0.9547,1.0629,1.0703,29.9,88.5
688,139271,00.00.47,2,AYAM-1,LAYAK,1.0249,0.9568,1.0651,1.0703,29.9,88.5
689,139680,00.00.48,2,AYAM-1,LAYAK,1.0273,0.9581,1.0651,1.0727,29.9,88.5
690,140295,00.00.48,2,AYAM-1,LAYAK,1.0032,0.9561,1.0636,1.0711,29.9,88.6
691,140703,00.00.49,2,AYAM-1,LAYAK,1.0265,0.9541,1.0644,1.0695,29.9,88.6
692,141318,00.00.49,2,AYAM-1,LAYAK,1.024,0.9574,1.0651,1.0695,29.9,88.6
693,141728,00.00.50,2,AYAM-1,LAYAK,1.0397,0.9635,1.0751,1.0833,29.9,88.6
694,142342,00.00.50,2,AYAM-1,LAYAK,1.0273,0.9527,1.0644,1.0679,29.9,88.6
695,142753,00.00.51,2,AYAM-1,LAYAK,1.038,0.9669,1.0751,1.0841,29.9,88.6
696,143164,00.00.51,2,AYAM-1,LAYAK,1.0249,0.9547,1.0644,1.0647,29.9,88.6
697,143776,00.00.52,2,AYAM-1,LAYAK,1.024,0.9527,1.0615,1.0679,29.9,88.6
698,144186,00.00.52,2,AYAM-1,LAYAK,1.0257,0.9581,1.0636,1.0671,29.9,88.6
699,144800,00.00.53,2,AYAM-1,LAYAK,1.0281,0.9588,1.0636,1.0695,29.9,88.6
700,145210,00.00.53,2,AYAM-1,LAYAK,1.0265,0.9527,1.0601,1.0687,29.9,88.5
701,145725,00.00.54,2,AYAM-1,LAYAK,1.0265,0.9541,1.0629,1.0679,29.9,88.5
702,146234,00.00.54,2,AYAM-1,LAYAK,1.024,0.9534,1.0615,1.0711,29.9,88.5
703,146848,00.00.55,2,AYAM-1,LAYAK,1.02,0.9574,1.0636,1.0735,29.9,88.5
704,147257,00.00.55,2,AYAM-1,LAYAK,1.0372,0.9676,1.0744,1.0825,29.9,88.5
705,147668,00.00.56,2,AYAM-1,LAYAK,1.0216,0.9541,1.0636,1.0663,29.9,88.4
706,148290,00.00.56,2,AYAM-1,LAYAK,1.0249,0.9547,1.0608,1.0671,29.9,88.4
707,148692,00.00.57,2,AYAM-1,LAYAK,1.0232,0.9547,1.0629,1.0663,29.9,88.4
708,149307,00.00.57,2,AYAM-1,LAYAK,1.0265,0.9554,1.0622,1.0647,29.9,88.4
709,149715,00.00.58,2,AYAM-1,LAYAK,1.0372,0.9683,1.0751,1.0833,29.9,88.4
710,150332,00.00.58,2,AYAM-1,LAYAK,1.0216,0.9507,1.0636,1.0671,29.9,88.5
711,150740,00.00.59,2,AYAM-1,LAYAK,1.0364,0.9717,1.0737,1.0825,29.9,88.5
712,151149,00.00.59,2,AYAM-1,LAYAK,1.0273,0.9683,1.0636,1.0679,29.9,88.5
713,151764,00.01.00,2,AYAM-1,LAYAK,1.0257,0.9507,1.0636,1.0663,29.9,88.5
714,152174,00.01.00,2,AYAM-1,LAYAK,1.0281,0.9588,1.0636,1.0671,29.9,88.5
715,152788,00.01.01,2,AYAM-1,LAYAK,1.043,0.9649,1.0758,1.0841,29.9,88.6
716,153198,00.01.01,2,AYAM-1,LAYAK,1.0192,0.9527,1.0615,1.0663,29.9,88.6
717,153812,00.01.02,2,AYAM-1,LAYAK,1.0249,0.9561,1.0629,1.0663,29.9,88.6
718,154237,00.01.02,2,AYAM-1,LAYAK,1.0364,0.9676,1.0737,1.0809,29.9,88.6
719,154836,00.01.03,2,AYAM-1,LAYAK,1.0232,0.9534,1.0629,1.0663,29.9,88.6
720,155246,00.01.03,2,AYAM-1,LAYAK,1.0347,0.9696,1.0751,1.0825,29.9,88.6
721,155655,00.01.04,2,AYAM-1,LAYAK,1.02,0.9521,1.0608,1.0663,29.9,88.6
722,156269,00.01.04,2,AYAM-1,LAYAK,1.0192,0.9521,1.053,1.0671,29.9,88.6
723,156679,00.01.05,2,AYAM-1,LAYAK,1.0208,0.9501,1.0629,1.0647,29.9,88.6
724,157294,00.01.05,2,AYAM-1,LAYAK,1.0216,0.9547,1.0615,1.0655,29.9,88.6
725,157703,00.01.06,2,AYAM-1,LAYAK,1.02,0.9507,1.0601,1.0623,29.9,88.6
726,158318,00.01.06,2,AYAM-1,LAYAK,1.0273,0.9534,1.0601,1.0655,29.9,88.6
727,158727,00.01.07,2,AYAM-1,LAYAK,1.0331,0.9669,1.0737,1.0825,29.9,88.6
728,159342,00.01.07,2,AYAM-1,LAYAK,1.0232,0.9534,1.0622,1.0679,29.9,88.6
729,159751,00.01.08,2,AYAM-1,LAYAK,1.0298,0.9642,1.0751,1.0858,29.9,88.6
730,160160,00.01.08,2,AYAM-1,LAYAK,1.0232,0.9554,1.0587,1.0703,29.9,88.7
731,160777,00.01.09,2,AYAM-1,LAYAK,1.0167,0.9541,1.0615,1.0695,29.9,88.7
732,161186,00.01.09,2,AYAM-1,LAYAK,1.024,0.9507,1.0608,1.0671,29.9,88.7
733,161799,00.01.10,2,AYAM-1,LAYAK,1.0232,0.9534,1.0629,1.0671,29.9,88.7
734,162216,00.01.10,2,AYAM-1,LAYAK,1.024,0.9507,1.0594,1.0671,29.9,88.7
735,162823,00.01.11,2,AYAM-1,LAYAK,1.02,0.9521,1.0622,1.0695,29.9,88.8
736,163233,00.01.11,2,AYAM-1,LAYAK,1.0515,0.9621,1.0744,1.0833,29.9,88.8
737,163847,00.01.12,2,AYAM-1,LAYAK,1.029,0.9514,1.0636,1.0631,29.9,88.8
738,164258,00.01.12,2,AYAM-1,LAYAK,1.0791,0.9628,1.0751,1.0833,29.9,88.8
739,164679,00.01.13,2,AYAM-1,LAYAK,1.0265,0.9481,1.0615,1.0671,29.9,88.8
740,165281,00.01.13,2,AYAM-1,LAYAK,1.0265,0.9541,1.0615,1.0663,29.9,88.9
741,165691,00.01.14,2,AYAM-1,LAYAK,1.02,0.9547,1.0622,1.0631,29.9,88.9
742,166305,00.01.14,2,AYAM-1,LAYAK,1.0216,0.9547,1.0636,1.0671,29.9,88.9
743,166715,00.01.15,2,AYAM-1,LAYAK,1.0347,0.9696,1.073,1.0833,29.9,88.9
744,167329,00.01.15,2,AYAM-1,LAYAK,1.0249,0.9541,1.0615,1.0623,29.9,88.9
745,167739,00.01.16,2,AYAM-1,LAYAK,1.0314,0.9655,1.0737,1.0833,29.9,88.8
746,168353,00.01.16,2,AYAM-1,LAYAK,1.0265,0.9561,1.0615,1.0655,29.9,88.8
747,168763,00.01.17,2,AYAM-1,LAYAK,1.0339,0.971,1.0751,1.0784,29.9,88.8
748,169195,00.01.17,2,AYAM-1,LAYAK,1.024,0.9514,1.0615,1.0631,29.9,88.8
749,169787,00.01.18,2,AYAM-1,LAYAK,1.0364,0.9689,1.0751,1.0874,29.9,88.8
750,170198,00.01.18,2,AYAM-1,LAYAK,1.0249,0.9534,1.0636,1.0663,29.9,88.9
751,170811,00.01.19,2,AYAM-1,LAYAK,1.0257,0.9514,1.0601,1.0639,29.9,88.9
752,171221,00.01.19,2,AYAM-1,LAYAK,1.0339,0.9669,1.0751,1.0841,29.9,88.9
753,171835,00.01.20,2,AYAM-1,LAYAK,1.0281,0.9521,1.0622,1.0671,29.9,88.9
754,172244,00.01.20,2,AYAM-1,LAYAK,1.0339,0.9696,1.0744,1.0841,29.9,88.9
755,172654,00.01.21,2,AYAM-1,LAYAK,1.024,0.9574,1.0629,1.0647,29.9,88.8
756,173269,00.01.21,2,AYAM-1,LAYAK,1.0265,0.9561,1.0615,1.0631,29.9,88.8
757,173678,00.01.22,2,AYAM-1,LAYAK,1.0216,0.9547,1.0615,1.0663,29.9,88.8
758,174293,00.01.22,2,AYAM-1,LAYAK,1.0281,0.9534,1.0608,1.0663,29.9,88.8
759,174702,00.01.23,2,AYAM-1,LAYAK,1.0232,0.9534,1.0594,1.0695,29.9,88.8
760,175317,00.01.23,2,AYAM-1,LAYAK,1.0216,0.9521,1.0601,1.0663,29.9,88.7
761,175726,00.01.24,2,AYAM-1,LAYAK,1.0447,0.9655,1.073,1.085,29.9,88.7
762,176445,00.01.24,2,AYAM-1,LAYAK,1.0314,0.9628,1.073,1.0792,29.9,88.7
763,176747,00.01.25,2,AYAM-1,LAYAK,1.0314,0.9628,1.073,1.0792,29.9,88.7
764,177162,00.01.25,2,AYAM-1,LAYAK,0.9852,0.9534,1.0601,1.0695,29.9,88.7
765,177775,00.01.26,2,AYAM-1,LAYAK,1.02,0.9521,1.0601,1.0647,29.9,88.6
766,178183,00.01.26,2,AYAM-1,LAYAK,1.0184,0.9507,1.0601,1.0655,29.9,88.6
767,178799,00.01.27,2,AYAM-1,LAYAK,1.0232,0.9501,1.0615,1.0647,29.9,88.6
768,179208,00.01.27,2,AYAM-1,LAYAK,1.0151,0.9527,1.0594,1.0679,29.9,88.6
769,179823,00.01.28,2,AYAM-1,LAYAK,1.0192,0.9501,1.0594,1.0663,29.9,88.6
770,180233,00.01.28,2,AYAM-1,LAYAK,1.0791,0.9649,1.0744,1.0833,29.9,88.6
771,180848,00.01.29,2,AYAM-1,LAYAK,1.024,0.9501,1.0615,1.0671,29.9,88.6
772,181257,00.01.29,2,AYAM-1,LAYAK,1.029,0.9642,1.0715,1.0776,29.9,88.6
773,181666,00.01.30,2,AYAM-1,LAYAK,1.02,0.9521,1.0601,1.0647,29.9,88.6
774,182280,00.01.30,2,AYAM-1,LAYAK,1.0216,0.9514,1.0629,1.0679,29.9,88.6
775,182690,00.01.31,2,AYAM-1,LAYAK,1.0143,0.9467,1.0509,1.0528,29.9,88.6
776,183304,00.01.31,2,AYAM-1,LAYAK,1.0103,0.9434,1.0502,1.0504,29.9,88.6
777,183714,00.01.32,2,AYAM-1,LAYAK,1.024,0.9521,1.0565,1.0631,29.9,88.6
778,184329,00.01.32,2,AYAM-1,LAYAK,1.0063,0.9395,1.0509,1.0504,29.9,88.6
779,184738,00.01.33,2,AYAM-1,LAYAK,1.02,0.9501,1.0601,1.0631,29.9,88.6
780,185353,00.01.33,2,AYAM-1,LAYAK,1.0103,0.9408,1.0418,1.0504,29.9,88.7
781,185763,00.01.34,2,AYAM-1,LAYAK,1.0208,0.9501,1.0601,1.0663,29.9,88.7
782,186171,00.01.34,2,AYAM-1,LAYAK,1.0063,0.9415,1.0502,1.0489,29.9,88.7
783,186786,00.01.35,2,AYAM-1,LAYAK,1.0273,0.9501,1.0587,1.0679,29.9,88.7
784,187196,00.01.35,2,AYAM-1,LAYAK,1.0071,0.9408,1.0488,1.0504,29.9,88.7
785,187810,00.01.36,2,AYAM-1,LAYAK,1.0103,0.9428,1.0488,1.0504,29.9,88.8
786,188220,00.01.36,2,AYAM-1,LAYAK,1.0257,0.9527,1.0587,1.0663,29.9,88.8
787,188834,00.01.37,2,AYAM-1,LAYAK,1.0087,0.9428,1.0502,1.0552,29.9,88.8
788,189244,00.01.37,2,AYAM-1,LAYAK,1.0232,0.9541,1.0622,1.0623,29.9,88.8
789,189653,00.01.38,2,AYAM-1,LAYAK,1.0111,0.9434,1.0481,1.0528,29.9,88.8
790,190268,00.01.38,2,AYAM-1,LAYAK,1.0103,0.9415,1.0516,1.0512,29.9,88.9
791,190678,00.01.39,2,AYAM-1,LAYAK,1.0331,0.9501,1.0502,1.0504,29.9,88.9
792,191292,00.01.39,2,AYAM-1,LAYAK,1.0167,0.9415,1.0481,1.0504,29.9,88.9
793,191702,00.01.40,2,AYAM-1,LAYAK,1.0087,0.9415,1.0488,1.0504,29.9,88.9
794,192316,00.01.40,2,AYAM-1,LAYAK,1.0071,0.9501,1.0502,1.0481,29.9,88.9
795,192725,00.01.41,2,AYAM-1,LAYAK,1.0232,0.9521,1.0601,1.0671,29.9,88.9
796,193340,00.01.41,2,AYAM-1,LAYAK,1.0127,0.9441,1.046,1.0536,29.9,88.9
797,193750,00.01.42,2,AYAM-1,LAYAK,1.024,0.9534,1.0601,1.0671,29.9,88.9
798,194159,00.01.42,2,AYAM-1,LAYAK,1.0087,0.9421,1.0481,1.0512,29.9,88.9
799,194774,00.01.43,2,AYAM-1,LAYAK,1.0159,0.9415,1.0509,1.0528,29.9,88.9
800,195183,00.01.43,2,AYAM-1,LAYAK,1.0079,0.9441,1.0502,1.0512,29.9,88.7
801,6,11.08.18,3,NASI-1,TIDAK_LAYAK,1.0575,0.7582,0.6538,0.8044,31.2,90.1
802,609,11.08.19,3,NASI-1,TIDAK_LAYAK,1.0584,0.7618,0.6572,0.8183,31.2,90.1
803,1019,11.08.20,3,NASI-1,TIDAK_LAYAK,1.0567,0.7493,0.65,0.8067,31.2,90.1
804,2251,11.08.21,3,NASI-1,TIDAK_LAYAK,1.0533,0.7582,0.6559,0.8171,31.2,90.1
805,3067,11.08.21,3,NASI-1,TIDAK_LAYAK,0.9303,0.7545,0.6572,0.8107,31.2,90.1
806,3477,11.08.22,3,NASI-1,TIDAK_LAYAK,0.9526,0.7524,0.6559,0.8142,31.2,90.1
807,4093,11.08.22,3,NASI-1,TIDAK_LAYAK,0.9712,0.7535,0.6584,0.8159,31.2,90.1
808,4503,11.08.23,3,NASI-1,TIDAK_LAYAK,0.9864,0.7529,0.655,0.8113,31.2,90.1
809,5115,11.08.23,3,NASI-1,TIDAK_LAYAK,0.9895,0.7561,0.6563,0.8084,31.2,90.1
810,5525,11.08.24,3,NASI-1,TIDAK_LAYAK,1.0424,0.7998,0.7032,0.8623,31.2,90.1
811,6142,11.08.24,3,NASI-1,TIDAK_LAYAK,1.0243,0.7629,0.661,0.8183,31.2,90.2
812,6549,11.08.25,3,NASI-1,TIDAK_LAYAK,1.2369,0.7981,0.701,0.8549,31.2,90.2
813,7163,11.08.25,3,NASI-1,TIDAK_LAYAK,1.6922,0.7555,0.6589,0.8079,31.2,90.2
814,7574,11.08.26,3,NASI-1,TIDAK_LAYAK,0.9895,0.7948,0.7028,0.8573,31.2,90.2
815,7983,11.08.26,3,NASI-1,TIDAK_LAYAK,1.187,0.7535,0.658,0.8107,31.2,90.2
816,8598,11.08.27,3,NASI-1,TIDAK_LAYAK,1.6051,0.7992,0.6973,0.8692,31.2,90.2
817,9007,11.08.27,3,NASI-1,TIDAK_LAYAK,1.2147,0.7545,0.6623,0.8188,31.2,90.2
818,9621,11.08.28,3,NASI-1,TIDAK_LAYAK,1.3838,0.7529,0.6576,0.8102,31.2,90.2
819,11056,11.08.29,3,NASI-1,TIDAK_LAYAK,1.4415,0.7529,0.6555,0.8107,31.2,90.2
820,11064,11.08.29,3,NASI-1,TIDAK_LAYAK,1.4415,0.7529,0.6555,0.8107,31.2,90.2
821,11464,11.08.30,3,NASI-1,TIDAK_LAYAK,1.4308,0.7587,0.6576,0.82,31.2,90.2
822,12079,11.08.30,3,NASI-1,TIDAK_LAYAK,1.3637,0.7602,0.6627,0.8183,31.2,90.2
823,12489,11.08.31,3,NASI-1,TIDAK_LAYAK,1.3864,0.7639,0.6512,0.8136,31.2,90.2
824,13103,11.08.31,3,NASI-1,TIDAK_LAYAK,1.3851,0.7529,0.6597,0.82,31.2,90.2
825,13512,11.08.32,3,NASI-1,TIDAK_LAYAK,1.4215,0.7566,0.6563,0.8142,31.2,90.2
826,14946,11.08.33,3,NASI-1,TIDAK_LAYAK,1.0525,0.7566,0.65,0.8079,31.2,90.2
827,14963,11.08.34,3,NASI-1,TIDAK_LAYAK,1.0525,0.7566,0.65,0.8079,31.2,90.2
828,15765,11.08.34,3,NASI-1,TIDAK_LAYAK,1.0474,0.7561,0.6589,0.8102,31.3,90.2
829,16175,11.08.34,3,NASI-1,TIDAK_LAYAK,1.0474,0.7561,0.6589,0.8102,31.3,90.2
830,16585,11.08.35,3,NASI-1,TIDAK_LAYAK,1.1013,0.8083,0.7137,0.873,31.3,90.2
831,16995,11.08.35,3,NASI-1,TIDAK_LAYAK,1.0609,0.7602,0.6521,0.8171,31.3,90.2
832,17609,11.08.36,3,NASI-1,TIDAK_LAYAK,1.0407,0.7535,0.6572,0.8102,31.3,90.2
833,18018,11.08.36,3,NASI-1,TIDAK_LAYAK,1.0644,0.7602,0.6542,0.805,31.3,90.2
834,18633,11.08.37,3,NASI-1,TIDAK_LAYAK,1.0644,0.7545,0.6597,0.8107,31.2,90.1
835,19043,11.08.37,3,NASI-1,TIDAK_LAYAK,1.1223,0.802,0.7046,0.8661,31.2,90.1
836,19657,11.08.38,3,NASI-1,TIDAK_LAYAK,1.0542,0.7561,0.6555,0.8022,31.2,90.1
837,20069,11.08.38,3,NASI-1,TIDAK_LAYAK,1.1195,0.792,0.6965,0.8592,31.2,90.1
838,20476,11.08.39,3,NASI-1,TIDAK_LAYAK,1.067,0.7602,0.6584,0.8119,31.2,90.1
839,21091,11.08.39,3,NASI-1,TIDAK_LAYAK,1.0704,0.7504,0.6517,0.809,31.2,90.1
840,22116,11.08.41,3,NASI-1,TIDAK_LAYAK,1.0558,0.7493,0.658,0.8107,31.2,90.1
841,22123,11.08.41,3,NASI-1,TIDAK_LAYAK,1.0558,0.7493,0.658,0.8107,31.2,90.1
842,23549,11.08.42,3,NASI-1,TIDAK_LAYAK,1.0542,0.7576,0.6538,0.8016,31.2,90.2
843,23556,11.08.42,3,NASI-1,TIDAK_LAYAK,1.0542,0.7576,0.6538,0.8016,31.2,90.2
844,24163,11.08.42,3,NASI-1,TIDAK_LAYAK,1.0441,0.7576,0.6517,0.8159,31.2,90.2
845,24572,11.08.43,3,NASI-1,TIDAK_LAYAK,1.1104,0.7959,0.6969,0.8661,31.2,90.2
846,24982,11.08.43,3,NASI-1,TIDAK_LAYAK,1.2369,0.7535,0.6542,0.8142,31.2,90.2
847,25596,11.08.44,3,NASI-1,TIDAK_LAYAK,1.0879,0.8026,0.7064,0.8692,31.2,90.2
848,26006,11.08.44,3,NASI-1,TIDAK_LAYAK,1.0407,0.7555,0.6504,0.8044,31.2,90.1
849,26622,11.08.45,3,NASI-1,TIDAK_LAYAK,1.0399,0.7566,0.6525,0.8107,31.2,90.1
850,27849,11.08.46,3,NASI-1,TIDAK_LAYAK,1.0251,0.7587,0.6512,0.8188,31.2,90.1
851,28668,11.08.47,3,NASI-1,TIDAK_LAYAK,1.0407,0.754,0.6512,0.8107,31.2,90.1
852,29078,11.08.47,3,NASI-1,TIDAK_LAYAK,1.0941,0.7953,0.6947,0.8623,31.2,90.1
853,29488,11.08.48,3,NASI-1,TIDAK_LAYAK,1.0308,0.7535,0.65,0.809,31.2,90.1
854,30102,11.08.48,3,NASI-1,TIDAK_LAYAK,1.0424,0.7514,0.6559,0.8119,31.2,90.1
855,30512,11.08.49,3,NASI-1,TIDAK_LAYAK,1.035,0.7576,0.6504,0.8136,31.2,90.1
856,31126,11.08.49,3,NASI-1,TIDAK_LAYAK,1.0449,0.7587,0.6525,0.809,31.2,90
857,31536,11.08.50,3,NASI-1,TIDAK_LAYAK,1.0923,0.792,0.6965,0.8555,31.2,90
858,32150,11.08.50,3,NASI-1,TIDAK_LAYAK,1.0483,0.7524,0.6496,0.7982,31.2,90
859,32559,11.08.51,3,NASI-1,TIDAK_LAYAK,1.1004,0.797,0.6973,0.8642,31.2,90
860,32969,11.08.51,3,NASI-1,TIDAK_LAYAK,1.0449,0.7582,0.6517,0.8125,31.2,90
861,33584,11.08.52,3,NASI-1,TIDAK_LAYAK,1.0457,0.7587,0.6525,0.8194,31.2,90
862,33993,11.08.52,3,NASI-1,TIDAK_LAYAK,1.0399,0.7519,0.6491,0.8107,31.2,90
863,34608,11.08.53,3,NASI-1,TIDAK_LAYAK,1.0508,0.7561,0.6508,0.7999,31.2,90
864,35017,11.08.53,3,NASI-1,TIDAK_LAYAK,1.0516,0.7493,0.65,0.8136,31.2,90
865,35637,11.08.54,3,NASI-1,TIDAK_LAYAK,1.0399,0.7613,0.6538,0.8107,31.2,90
866,36041,11.08.54,3,NASI-1,TIDAK_LAYAK,1.087,0.7992,0.6942,0.8623,31.2,90
867,36656,11.08.55,3,NASI-1,TIDAK_LAYAK,1.0399,0.7524,0.6512,0.8107,31.2,90
868,37066,11.08.55,3,NASI-1,TIDAK_LAYAK,1.0959,0.7871,0.7001,0.853,31.2,90
869,37475,11.08.56,3,NASI-1,TIDAK_LAYAK,1.0399,0.7545,0.6525,0.8177,31.2,90
870,38090,11.08.56,3,NASI-1,TIDAK_LAYAK,1.0399,0.754,0.6487,0.8027,31.2,90
871,38499,11.08.57,3,NASI-1,TIDAK_LAYAK,1.0358,0.7535,0.6521,0.8107,31.2,90
872,39115,11.08.57,3,NASI-1,TIDAK_LAYAK,1.0407,0.7504,0.6521,0.8107,31.2,90
873,39523,11.08.58,3,NASI-1,TIDAK_LAYAK,1.0861,0.792,0.6947,0.8549,31.2,90
874,40138,11.08.58,3,NASI-1,TIDAK_LAYAK,1.0399,0.7529,0.6471,0.7982,31.2,90
875,40547,11.08.59,3,NASI-1,TIDAK_LAYAK,1.073,0.7898,0.6947,0.8432,31.2,90
876,41162,11.08.59,3,NASI-1,TIDAK_LAYAK,1.0383,0.7529,0.6483,0.8039,31.2,90
877,41572,11.09.00,3,NASI-1,TIDAK_LAYAK,1.0747,0.7887,0.6915,0.8592,31.2,90
878,41981,11.09.00,3,NASI-1,TIDAK_LAYAK,1.0276,0.7561,0.6512,0.8039,31.2,90
879,42595,11.09.01,3,NASI-1,TIDAK_LAYAK,1.0292,0.7561,0.6512,0.8079,31.2,90
880,43005,11.09.01,3,NASI-1,TIDAK_LAYAK,1.0268,0.7493,0.6475,0.8044,31.2,90
881,43619,11.09.02,3,NASI-1,TIDAK_LAYAK,1.0155,0.7498,0.6425,0.7931,31.2,90.1
882,44029,11.09.02,3,NASI-1,TIDAK_LAYAK,1.067,0.7882,0.6818,0.8598,31.2,90.1
883,44645,11.09.03,3,NASI-1,TIDAK_LAYAK,1.0083,0.7493,0.6458,0.8079,31.2,90.1
884,45053,11.09.03,3,NASI-1,TIDAK_LAYAK,1.0575,0.7821,0.6915,0.8598,31.2,90.1
885,45463,11.09.04,3,NASI-1,TIDAK_LAYAK,1.0107,0.7468,0.6487,0.7976,31.2,90.1
886,46077,11.09.04,3,NASI-1,TIDAK_LAYAK,1.0035,0.754,0.6429,0.8016,31.2,89.9
887,46487,11.09.05,3,NASI-1,TIDAK_LAYAK,1.0163,0.7462,0.6454,0.8107,31.2,89.9
888,47101,11.09.05,3,NASI-1,TIDAK_LAYAK,1.0123,0.7473,0.6471,0.7926,31.2,89.9
889,47511,11.09.06,3,NASI-1,TIDAK_LAYAK,1.0243,0.754,0.6433,0.7982,31.2,89.9
890,48125,11.09.06,3,NASI-1,TIDAK_LAYAK,1.0171,0.7529,0.6445,0.8113,31.2,89.9
891,48535,11.09.07,3,NASI-1,TIDAK_LAYAK,1.0592,0.7893,0.6942,0.8487,31.2,90
892,49149,11.09.07,3,NASI-1,TIDAK_LAYAK,1.0131,0.7529,0.6479,0.8022,31.2,90
893,49559,11.09.08,3,NASI-1,TIDAK_LAYAK,1.0618,0.78,0.6844,0.8481,31.2,90
894,49969,11.09.08,3,NASI-1,TIDAK_LAYAK,1.0059,0.7452,0.6416,0.7954,31.2,90
895,50583,11.09.09,3,NASI-1,TIDAK_LAYAK,1.0091,0.7437,0.645,0.8027,31.2,90
896,50992,11.09.09,3,NASI-1,TIDAK_LAYAK,0.9988,0.7498,0.6458,0.8113,31.3,90
897,51607,11.09.10,3,NASI-1,TIDAK_LAYAK,1.0004,0.7514,0.6454,0.8102,31.3,90
898,52017,11.09.10,3,NASI-1,TIDAK_LAYAK,1.0131,0.7422,0.6387,0.7926,31.3,90
899,52631,11.09.11,3,NASI-1,TIDAK_LAYAK,1.0051,0.7411,0.6416,0.7999,31.3,90
900,53041,11.09.11,3,NASI-1,TIDAK_LAYAK,1.0399,0.7898,0.6893,0.8549,31.3,90
901,53655,11.09.12,3,NASI-1,TIDAK_LAYAK,0.9926,0.7529,0.6491,0.8044,31.3,89.9
902,54065,11.09.12,3,NASI-1,TIDAK_LAYAK,1.0399,0.7865,0.6884,0.8542,31.3,89.9
903,54474,11.09.13,3,NASI-1,TIDAK_LAYAK,0.9926,0.7529,0.6471,0.8125,31.3,89.9
904,55089,11.09.13,3,NASI-1,TIDAK_LAYAK,0.9957,0.7504,0.6429,0.801,31.3,89.9
905,55498,11.09.14,3,NASI-1,TIDAK_LAYAK,0.9872,0.7514,0.6437,0.8096,31.3,89.9
906,56116,11.09.14,3,NASI-1,TIDAK_LAYAK,0.9864,0.7529,0.6433,0.8016,31.2,90.1
907,56522,11.09.15,3,NASI-1,TIDAK_LAYAK,1.0416,0.7811,0.6866,0.8512,31.2,90.1
908,57137,11.09.15,3,NASI-1,TIDAK_LAYAK,0.975,0.7432,0.6475,0.8067,31.2,90.1
909,57547,11.09.16,3,NASI-1,TIDAK_LAYAK,1.0416,0.7832,0.6849,0.8524,31.2,90.1
910,58161,11.09.16,3,NASI-1,TIDAK_LAYAK,0.9903,0.7529,0.6425,0.8107,31.3,90
911,58571,11.09.17,3,NASI-1,TIDAK_LAYAK,1.0533,0.7926,0.6915,0.8573,31.3,90
912,58981,11.09.17,3,NASI-1,TIDAK_LAYAK,0.9887,0.7432,0.6408,0.7988,31.3,90
913,59595,11.09.18,3,NASI-1,TIDAK_LAYAK,1.0474,0.7937,0.7059,0.8654,31.3,90
914,60004,11.09.18,3,NASI-1,TIDAK_LAYAK,0.991,0.7498,0.6458,0.8016,31.3,90
915,60619,11.09.19,3,NASI-1,TIDAK_LAYAK,0.9879,0.7524,0.645,0.7931,31.3,90
916,61028,11.09.19,3,NASI-1,TIDAK_LAYAK,1.0424,0.7805,0.6813,0.8487,31.2,90.1
917,61643,11.09.20,3,NASI-1,TIDAK_LAYAK,0.9787,0.7529,0.6471,0.8016,31.2,90.1
918,62052,11.09.20,3,NASI-1,TIDAK_LAYAK,1.0259,0.7865,0.6849,0.8408,31.2,90.1
919,62667,11.09.21,3,NASI-1,TIDAK_LAYAK,0.9833,0.7432,0.6387,0.7926,31.2,90.1
920,63076,11.09.21,3,NASI-1,TIDAK_LAYAK,1.0391,0.7871,0.6875,0.8611,31.2,90.1
921,63487,11.09.22,3,NASI-1,TIDAK_LAYAK,0.9841,0.7483,0.6437,0.809,31.3,90.1
922,64100,11.09.22,3,NASI-1,TIDAK_LAYAK,0.9957,0.7447,0.6408,0.7926,31.3,90.1
923,64510,11.09.23,3,NASI-1,TIDAK_LAYAK,0.9895,0.7498,0.6433,0.7988,31.3,90.1
924,65124,11.09.23,3,NASI-1,TIDAK_LAYAK,0.9879,0.7504,0.6471,0.8033,31.3,90.1
925,65535,11.09.24,3,NASI-1,TIDAK_LAYAK,1.0432,0.7816,0.6858,0.8561,31.3,90.1
926,66149,11.09.24,3,NASI-1,TIDAK_LAYAK,1.0051,0.7396,0.6454,0.8096,31.3,90.1
927,66558,11.09.25,3,NASI-1,TIDAK_LAYAK,1.0449,0.7871,0.6897,0.8611,31.3,90.1
928,66968,11.09.25,3,NASI-1,TIDAK_LAYAK,1.0043,0.7432,0.6471,0.8102,31.3,90.1
929,67582,11.09.26,3,NASI-1,TIDAK_LAYAK,1.0043,0.7524,0.6458,0.8027,31.3,90.1
930,67992,11.09.26,3,NASI-1,TIDAK_LAYAK,1.0268,0.7457,0.6404,0.8005,31.3,90.1
931,68606,11.09.27,3,NASI-1,TIDAK_LAYAK,1.0308,0.7493,0.6433,0.8067,31.3,90
932,69016,11.09.27,3,NASI-1,TIDAK_LAYAK,1.0276,0.7478,0.6408,0.7931,31.3,90
933,69630,11.09.28,3,NASI-1,TIDAK_LAYAK,1.0358,0.7401,0.6379,0.7976,31.3,90
934,70040,11.09.28,3,NASI-1,TIDAK_LAYAK,1.0888,0.7948,0.6875,0.8592,31.3,90
935,70654,11.09.29,3,NASI-1,TIDAK_LAYAK,1.0317,0.7473,0.6404,0.8113,31.3,90.1
936,71064,11.09.29,3,NASI-1,TIDAK_LAYAK,1.0747,0.7865,0.684,0.845,31.3,90.1
937,71474,11.09.30,3,NASI-1,TIDAK_LAYAK,1.0211,0.7524,0.6483,0.8067,31.3,90.1
938,72088,11.09.30,3,NASI-1,TIDAK_LAYAK,1.0276,0.7519,0.6462,0.8016,31.3,90.1
939,72498,11.09.31,3,NASI-1,TIDAK_LAYAK,1.0171,0.7555,0.6471,0.8027,31.3,90.1
940,73112,11.09.31,3,NASI-1,TIDAK_LAYAK,1.0163,0.7473,0.6437,0.8033,31.3,90.1
941,73521,11.09.32,3,NASI-1,TIDAK_LAYAK,1.0163,0.7473,0.64,0.7976,31.3,90.1
942,74136,11.09.32,3,NASI-1,TIDAK_LAYAK,1.0138,0.7519,0.6412,0.7959,31.3,90.1
943,74546,11.09.33,3,NASI-1,TIDAK_LAYAK,1.0678,0.7953,0.6915,0.8579,31.3,90.1
944,75160,11.09.33,3,NASI-1,TIDAK_LAYAK,1.0131,0.7483,0.6462,0.8067,31.3,90.1
945,75570,11.09.34,3,NASI-1,TIDAK_LAYAK,1.0618,0.7882,0.6858,0.8524,31.3,90.1
946,75980,11.09.34,3,NASI-1,TIDAK_LAYAK,0.9996,0.7535,0.6487,0.805,31.3,90.1
947,76593,11.09.35,3,NASI-1,TIDAK_LAYAK,1.0091,0.7452,0.6429,0.8027,31.3,90.1
948,77003,11.09.35,3,NASI-1,TIDAK_LAYAK,0.9996,0.7427,0.6396,0.7993,31.3,90.1
949,77618,11.09.36,3,NASI-1,TIDAK_LAYAK,1.0138,0.7535,0.6487,0.8079,31.3,90.1
950,78028,11.09.36,3,NASI-1,TIDAK_LAYAK,1.055,0.786,0.6871,0.8555,31.3,90.1
951,78642,11.09.37,3,NASI-1,TIDAK_LAYAK,1.0099,0.7457,0.6367,0.8136,31.3,90.1
952,79051,11.09.37,3,NASI-1,TIDAK_LAYAK,1.0416,0.7876,0.6862,0.8549,31.3,90.1
953,79666,11.09.38,3,NASI-1,TIDAK_LAYAK,1.0012,0.7529,0.6454,0.8044,31.3,90.1
954,80075,11.09.38,3,NASI-1,TIDAK_LAYAK,1.0483,0.7854,0.6915,0.8438,31.3,90.1
955,80485,11.09.39,3,NASI-1,TIDAK_LAYAK,1.0059,0.7462,0.6421,0.8084,31.3,90.1
956,81099,11.09.39,3,NASI-1,TIDAK_LAYAK,1.0067,0.7582,0.6512,0.8125,31.3,90.1
957,81509,11.09.40,3,NASI-1,TIDAK_LAYAK,0.991,0.7493,0.6421,0.7954,31.3,90.1
958,82124,11.09.40,3,NASI-1,TIDAK_LAYAK,0.9895,0.7457,0.6471,0.8016,31.3,90.1
959,82533,11.09.41,3,NASI-1,TIDAK_LAYAK,1.0341,0.7849,0.6884,0.8598,31.3,90.1
960,83148,11.09.41,3,NASI-1,TIDAK_LAYAK,0.9988,0.7576,0.6458,0.8125,31.3,90
961,83557,11.09.42,3,NASI-1,TIDAK_LAYAK,1.0171,0.7942,0.6938,0.8542,31.3,90
962,83967,11.09.42,3,NASI-1,TIDAK_LAYAK,0.9803,0.754,0.6454,0.8044,31.3,90
963,84582,11.09.43,3,NASI-1,TIDAK_LAYAK,0.9918,0.7442,0.6396,0.8056,31.3,90
964,84991,11.09.43,3,NASI-1,TIDAK_LAYAK,0.9957,0.7555,0.6454,0.8165,31.3,90
965,85606,11.09.44,3,NASI-1,TIDAK_LAYAK,0.9941,0.7519,0.6487,0.8119,31.3,90
966,86015,11.09.44,3,NASI-1,TIDAK_LAYAK,1.0035,0.7509,0.6425,0.8005,31.3,90
967,86630,11.09.45,3,NASI-1,TIDAK_LAYAK,1.0012,0.7561,0.6483,0.8033,31.3,90
968,87039,11.09.45,3,NASI-1,TIDAK_LAYAK,1.0508,0.7931,0.6915,0.8499,31.3,90
969,87653,11.09.46,3,NASI-1,TIDAK_LAYAK,0.9988,0.7498,0.6437,0.7943,31.3,90
970,88063,11.09.46,3,NASI-1,TIDAK_LAYAK,1.0424,0.7882,0.6915,0.8505,31.3,90
971,88473,11.09.47,3,NASI-1,TIDAK_LAYAK,0.991,0.7582,0.6433,0.8107,31.3,90
972,89087,11.09.47,3,NASI-1,TIDAK_LAYAK,0.9864,0.7519,0.6458,0.8067,31.3,90
973,89497,11.09.48,3,NASI-1,TIDAK_LAYAK,0.9887,0.7535,0.6441,0.8084,31.3,90
974,90111,11.09.48,3,NASI-1,TIDAK_LAYAK,0.9965,0.7462,0.6425,0.8016,31.3,90
975,90524,11.09.49,3,NASI-1,TIDAK_LAYAK,0.991,0.7529,0.6437,0.805,31.3,90
976,91135,11.09.49,3,NASI-1,TIDAK_LAYAK,0.9887,0.7608,0.6445,0.809,31.3,90
977,91545,11.09.50,3,NASI-1,TIDAK_LAYAK,1.0391,0.7843,0.6915,0.853,31.3,90
978,92159,11.09.50,3,NASI-1,TIDAK_LAYAK,0.9887,0.7514,0.6441,0.8027,31.3,90
979,92569,11.09.51,3,NASI-1,TIDAK_LAYAK,1.0317,0.7959,0.6915,0.8505,31.3,90
980,92979,11.09.51,3,NASI-1,TIDAK_LAYAK,0.991,0.7535,0.6441,0.8067,31.3,90
981,93593,11.09.52,3,NASI-1,TIDAK_LAYAK,0.9887,0.754,0.6437,0.8044,31.2,90
982,94002,11.09.52,3,NASI-1,TIDAK_LAYAK,0.9941,0.7529,0.64,0.8067,31.2,90
983,94617,11.09.53,3,NASI-1,TIDAK_LAYAK,0.991,0.7529,0.6429,0.7993,31.2,90
984,95026,11.09.53,3,NASI-1,TIDAK_LAYAK,1.0525,0.7926,0.6893,0.8573,31.2,90
985,95641,11.09.54,3,NASI-1,TIDAK_LAYAK,0.9973,0.7498,0.6425,0.7937,31.3,90
986,96051,11.09.54,3,NASI-1,TIDAK_LAYAK,1.0424,0.7953,0.6871,0.8444,31.3,90
987,96665,11.09.55,3,NASI-1,TIDAK_LAYAK,1.0035,0.7555,0.645,0.8079,31.3,90
988,97075,11.09.55,3,NASI-1,TIDAK_LAYAK,1.0457,0.7987,0.6849,0.845,31.3,90
989,97484,11.09.56,3,NASI-1,TIDAK_LAYAK,1.0091,0.7524,0.6429,0.801,31.3,90
990,98098,11.09.56,3,NASI-1,TIDAK_LAYAK,1.0399,0.7948,0.6884,0.8611,31.3,90
991,98508,11.09.57,3,NASI-1,TIDAK_LAYAK,1.0146,0.754,0.6441,0.8033,31.3,89.9
992,99123,11.09.57,3,NASI-1,TIDAK_LAYAK,1.002,0.7608,0.6462,0.8084,31.3,89.9
993,99532,11.09.58,3,NASI-1,TIDAK_LAYAK,1.0618,0.7871,0.6835,0.8481,31.3,89.9
994,100147,11.09.58,3,NASI-1,TIDAK_LAYAK,1.0146,0.7529,0.645,0.8016,31.3,89.9
995,100556,11.09.59,3,NASI-1,TIDAK_LAYAK,1.0567,0.7871,0.6871,0.8579,31.3,89.9
996,100966,11.09.59,3,NASI-1,TIDAK_LAYAK,1.0115,0.7529,0.6429,0.8067,31.2,90
997,101580,11.10.00,3,NASI-1,TIDAK_LAYAK,1.0243,0.7555,0.6421,0.7999,31.2,90
998,101990,11.10.00,3,NASI-1,TIDAK_LAYAK,1.0235,0.7529,0.6387,0.8016,31.2,90
999,102605,11.10.01,3,NASI-1,TIDAK_LAYAK,1.0138,0.7468,0.6375,0.8154,31.2,90
1000,103014,11.10.01,3,NASI-1,TIDAK_LAYAK,1.0059,0.7452,0.6454,0.8119,31.2,90
1001,103629,11.10.02,3,NASI-1,TIDAK_LAYAK,1.0155,0.7535,0.6454,0.8022,31.3,89.9
1002,104038,11.10.02,3,NASI-1,TIDAK_LAYAK,1.0424,0.7909,0.6884,0.853,31.3,89.9
1003,104653,11.10.03,3,NASI-1,TIDAK_LAYAK,0.9941,0.7602,0.6421,0.8096,31.3,89.9
1004,105062,11.10.03,3,NASI-1,TIDAK_LAYAK,1.0483,0.7953,0.6875,0.8617,31.3,89.9
1005,105472,11.10.04,3,NASI-1,TIDAK_LAYAK,0.9934,0.7618,0.6425,0.8073,31.3,89.9
1006,106086,11.10.04,3,NASI-1,TIDAK_LAYAK,0.9996,0.7587,0.645,0.8056,31.3,89.9
1007,106496,11.10.05,3,NASI-1,TIDAK_LAYAK,0.991,0.7618,0.6487,0.8033,31.3,89.9
1008,107112,11.10.05,3,NASI-1,TIDAK_LAYAK,1.0004,0.7545,0.6437,0.8056,31.3,89.9
1009,107520,11.10.06,3,NASI-1,TIDAK_LAYAK,1.0091,0.7529,0.6412,0.8039,31.3,89.9
1010,108138,11.10.06,3,NASI-1,TIDAK_LAYAK,0.9988,0.7535,0.6433,0.8107,31.3,89
1011,108543,11.10.07,3,NASI-1,TIDAK_LAYAK,1.0399,0.7959,0.6915,0.8598,31.3,89
1012,109160,11.10.07,3,NASI-1,TIDAK_LAYAK,0.9973,0.7545,0.6462,0.8056,31.3,89
1013,109568,11.10.08,3,NASI-1,TIDAK_LAYAK,1.0407,0.8015,0.6906,0.8579,31.3,89
1014,109978,11.10.08,3,NASI-1,TIDAK_LAYAK,0.9988,0.7613,0.6433,0.8125,31.3,89
1015,110593,11.10.09,3,NASI-1,TIDAK_LAYAK,0.9996,0.7555,0.6412,0.8067,31.3,89
1016,111002,11.10.09,3,NASI-1,TIDAK_LAYAK,1.0004,0.7555,0.6429,0.8005,31.3,88.2
1017,111616,11.10.10,3,NASI-1,TIDAK_LAYAK,0.9973,0.7545,0.6396,0.8096,31.3,88.2
1018,112026,11.10.10,3,NASI-1,TIDAK_LAYAK,1.0533,0.7959,0.6849,0.8408,31.3,88.2
1019,112640,11.10.11,3,NASI-1,TIDAK_LAYAK,0.9965,0.7602,0.6404,0.8107,31.3,88.2
1020,113050,11.10.11,3,NASI-1,TIDAK_LAYAK,1.0558,0.797,0.6827,0.8481,31.3,88.2
1021,113665,11.10.12,3,NASI-1,TIDAK_LAYAK,0.9941,0.7618,0.6387,0.809,31.3,87.7
1022,114074,11.10.12,3,NASI-1,TIDAK_LAYAK,1.0308,0.7992,0.684,0.8432,31.3,87.7
1023,114483,11.10.13,3,NASI-1,TIDAK_LAYAK,0.998,0.7623,0.6387,0.805,31.3,87.7
1024,115098,11.10.13,3,NASI-1,TIDAK_LAYAK,1.0366,0.7987,0.6893,0.8573,31.3,87.7
1025,115507,11.10.14,3,NASI-1,TIDAK_LAYAK,0.9903,0.754,0.6367,0.7965,31.3,87.7
1026,116122,11.10.14,3,NASI-1,TIDAK_LAYAK,1.0067,0.7645,0.6471,0.8016,31.2,87.1
1027,116532,11.10.15,3,NASI-1,TIDAK_LAYAK,1.0407,0.8037,0.6805,0.8487,31.2,87.1
1028,117146,11.10.15,3,NASI-1,TIDAK_LAYAK,0.9895,0.7671,0.6441,0.8033,31.2,87.1
1029,117556,11.10.16,3,NASI-1,TIDAK_LAYAK,1.0407,0.8043,0.6866,0.8487,31.2,87.1
1030,118170,11.10.16,3,NASI-1,TIDAK_LAYAK,1.0059,0.754,0.6367,0.8027,31.2,86.4
1031,118582,11.10.17,3,NASI-1,TIDAK_LAYAK,1.0516,0.7981,0.6858,0.8457,31.2,86.4
1032,118992,11.10.17,3,NASI-1,TIDAK_LAYAK,0.9895,0.7529,0.6445,0.8005,31.2,86.4
1033,119604,11.10.18,3,NASI-1,TIDAK_LAYAK,0.9833,0.754,0.6367,0.7988,31.2,86.4
1034,120016,11.10.18,3,NASI-1,TIDAK_LAYAK,0.9957,0.7629,0.6412,0.8073,31.2,86.4
1035,120628,11.10.19,3,NASI-1,TIDAK_LAYAK,0.9849,0.7618,0.6367,0.7931,31.2,86.4
1036,121037,11.10.19,3,NASI-1,TIDAK_LAYAK,1.0276,0.797,0.6822,0.8493,31.2,85.4
1037,121657,11.10.20,3,NASI-1,TIDAK_LAYAK,0.9965,0.7692,0.6363,0.7954,31.2,85.4
1038,122062,11.10.20,3,NASI-1,TIDAK_LAYAK,1.0441,0.802,0.6783,0.8402,31.2,85.4
1039,122471,11.10.21,3,NASI-1,TIDAK_LAYAK,0.9926,0.7587,0.6367,0.8136,31.2,85.4
1040,123087,11.10.21,3,NASI-1,TIDAK_LAYAK,0.978,0.7618,0.6412,0.8113,31.2,85.4
1041,123495,11.10.22,3,NASI-1,TIDAK_LAYAK,0.978,0.7597,0.6367,0.8056,31.2,85.2
1042,124109,11.10.22,3,NASI-1,TIDAK_LAYAK,0.9903,0.7671,0.6387,0.8084,31.2,85.2
1043,124522,11.10.23,3,NASI-1,TIDAK_LAYAK,0.9918,0.766,0.645,0.809,31.2,85.2
1044,125134,11.10.23,3,NASI-1,TIDAK_LAYAK,0.9887,0.7687,0.6326,0.8159,31.2,85.2
1045,125543,11.10.24,3,NASI-1,TIDAK_LAYAK,1.0276,0.8043,0.6813,0.8579,31.2,85.2
1046,126159,11.10.24,3,NASI-1,TIDAK_LAYAK,0.9787,0.7608,0.6342,0.8033,31.2,85.3
1047,126568,11.10.25,3,NASI-1,TIDAK_LAYAK,1.0358,0.7931,0.6889,0.8487,31.2,85.3
1048,126977,11.10.25,3,NASI-1,TIDAK_LAYAK,0.9841,0.7676,0.6429,0.813,31.2,85.3
1049,127591,11.10.26,3,NASI-1,TIDAK_LAYAK,0.975,0.7618,0.6363,0.8022,31.2,85.3
1050,128001,11.10.26,3,NASI-1,TIDAK_LAYAK,1.0227,0.7618,0.6301,0.8159,31.2,85.3
1051,128618,11.10.27,3,NASI-1,TIDAK_LAYAK,1.0155,0.7645,0.6429,0.8142,31.2,85.3
1052,129027,11.10.27,3,NASI-1,TIDAK_LAYAK,1.0687,0.8015,0.6831,0.8611,31.2,85.3
1053,129639,11.10.28,3,NASI-1,TIDAK_LAYAK,1.0138,0.7529,0.6367,0.805,31.2,85.3
1054,130049,11.10.28,3,NASI-1,TIDAK_LAYAK,1.0575,0.7931,0.6778,0.8648,31.2,85.3
1055,130664,11.10.29,3,NASI-1,TIDAK_LAYAK,1.0115,0.7587,0.6367,0.8067,31.2,85.5
1056,131073,11.10.29,3,NASI-1,TIDAK_LAYAK,1.0652,0.7871,0.6831,0.8586,31.2,85.5
1057,131483,11.10.30,3,NASI-1,TIDAK_LAYAK,1.0138,0.7613,0.6375,0.8107,31.2,85.5
1058,132100,11.10.30,3,NASI-1,TIDAK_LAYAK,1.0609,0.8004,0.6849,0.8629,31.2,85.5
1059,132507,11.10.31,3,NASI-1,TIDAK_LAYAK,1.0146,0.7555,0.6371,0.8113,31.2,85.5
1060,133121,11.10.31,3,NASI-1,TIDAK_LAYAK,1.0131,0.7602,0.6375,0.8016,31.2,85.5
1061,133531,11.10.32,3,NASI-1,TIDAK_LAYAK,1.0652,0.8066,0.6787,0.8444,31.2,85.8
1062,134148,11.10.32,3,NASI-1,TIDAK_LAYAK,1.0059,0.7608,0.6412,0.809,31.2,85.8
1063,134555,11.10.33,3,NASI-1,TIDAK_LAYAK,1.067,0.7926,0.6752,0.8604,31.2,85.8
1064,135169,11.10.33,3,NASI-1,TIDAK_LAYAK,1.0195,0.766,0.6433,0.8159,31.2,85.8
1065,135579,11.10.34,3,NASI-1,TIDAK_LAYAK,1.0627,0.8049,0.6831,0.8604,31.2,85.8
1066,135989,11.10.34,3,NASI-1,TIDAK_LAYAK,1.0131,0.7671,0.6363,0.8113,31.1,85.5
1067,136603,11.10.35,3,NASI-1,TIDAK_LAYAK,1.0138,0.7618,0.6433,0.8102,31.1,85.5
1068,137013,11.10.35,3,NASI-1,TIDAK_LAYAK,1.0131,0.7587,0.6359,0.8136,31.1,85.5
1069,137627,11.10.36,3,NASI-1,TIDAK_LAYAK,1.0138,0.7613,0.6404,0.8159,31.1,85.5
1070,138036,11.10.36,3,NASI-1,TIDAK_LAYAK,1.0592,0.7953,0.6822,0.842,31.1,85.5
1071,138651,11.10.37,3,NASI-1,TIDAK_LAYAK,1.0163,0.7555,0.6367,0.8073,31.1,85.2
1072,139061,11.10.37,3,NASI-1,TIDAK_LAYAK,1.0661,0.8049,0.6774,0.8623,31.1,85.2
1073,139470,11.10.38,3,NASI-1,TIDAK_LAYAK,1.0083,0.7613,0.6367,0.8016,31.1,85.2
1074,140085,11.10.38,3,NASI-1,TIDAK_LAYAK,1.0027,0.7629,0.6396,0.8107,31.1,85.2
1075,140494,11.10.39,3,NASI-1,TIDAK_LAYAK,1.0138,0.7566,0.6392,0.809,31.1,85.2
1076,141109,11.10.39,3,NASI-1,TIDAK_LAYAK,1.0138,0.7629,0.6379,0.8102,31.1,85.2
1077,141518,11.10.40,3,NASI-1,TIDAK_LAYAK,1.0099,0.7613,0.6379,0.8027,31.1,85.2
1078,142141,11.10.40,3,NASI-1,TIDAK_LAYAK,1.0059,0.7639,0.6375,0.8096,31.1,85.2
1079,142546,11.10.41,3,NASI-1,TIDAK_LAYAK,1.0627,0.802,0.6862,0.8579,31.1,85.2
1080,143157,11.10.41,3,NASI-1,TIDAK_LAYAK,1.0211,0.754,0.6429,0.8096,31.1,85.5
1081,143568,11.10.42,3,NASI-1,TIDAK_LAYAK,1.0661,0.8054,0.6796,0.8579,31.1,85.5
1082,143976,11.10.42,3,NASI-1,TIDAK_LAYAK,1.0123,0.7529,0.6346,0.8056,31.1,85.5
1083,144591,11.10.43,3,NASI-1,TIDAK_LAYAK,1.0163,0.765,0.6367,0.8107,31.1,85.5
1084,145000,11.10.43,3,NASI-1,TIDAK_LAYAK,1.0138,0.7561,0.6367,0.8022,31.1,85.5
1085,145614,11.10.44,3,NASI-1,TIDAK_LAYAK,1.002,0.7602,0.6375,0.7943,31.1,85.5
1086,146024,11.10.44,3,NASI-1,TIDAK_LAYAK,1.002,0.7613,0.6392,0.8016,31.1,85.6
1087,146640,11.10.45,3,NASI-1,TIDAK_LAYAK,1.002,0.7671,0.6392,0.8005,31.1,85.6
1088,147048,11.10.45,3,NASI-1,TIDAK_LAYAK,1.0558,0.7942,0.6774,0.8487,31.1,85.6
1089,147663,11.10.46,3,NASI-1,TIDAK_LAYAK,1.0012,0.7535,0.6367,0.8044,31.1,85.6
1090,148072,11.10.46,3,NASI-1,TIDAK_LAYAK,1.0292,0.8009,0.6822,0.8573,31.1,85.6
1091,148482,11.10.47,3,NASI-1,TIDAK_LAYAK,0.9833,0.7613,0.6313,0.8096,31.1,85.5
1092,149096,11.10.47,3,NASI-1,TIDAK_LAYAK,1.0341,0.7987,0.6813,0.8481,31.1,85.5
1093,149506,11.10.48,3,NASI-1,TIDAK_LAYAK,0.9841,0.7587,0.6309,0.8073,31.1,85.5
1094,150120,11.10.48,3,NASI-1,TIDAK_LAYAK,0.9849,0.7561,0.6354,0.7915,31.1,85.5
1095,150530,11.10.49,3,NASI-1,TIDAK_LAYAK,1.0325,0.8032,0.6866,0.8567,31.1,85.5
1096,151144,11.10.49,3,NASI-1,TIDAK_LAYAK,0.9887,0.7535,0.6359,0.8096,31.1,85.3
1097,151554,11.10.50,3,NASI-1,TIDAK_LAYAK,1.0441,0.8032,0.6822,0.8586,31.1,85.3
1098,152169,11.10.50,3,NASI-1,TIDAK_LAYAK,1.0099,0.7645,0.6371,0.8079,31.1,85.3
1099,152578,11.10.51,3,NASI-1,TIDAK_LAYAK,1.0407,0.797,0.6835,0.8542,31.1,85.3
1100,152988,11.10.51,3,NASI-1,TIDAK_LAYAK,0.9988,0.754,0.6354,0.8005,31.1,85.3
1101,153602,11.10.52,3,NASI-1,TIDAK_LAYAK,1.0091,0.7545,0.6367,0.8056,31,85.1
1102,154012,11.10.52,3,NASI-1,TIDAK_LAYAK,1.0075,0.7608,0.6371,0.7988,31,85.1
1103,154626,11.10.53,3,NASI-1,TIDAK_LAYAK,1.0115,0.7613,0.6408,0.8056,31,85.1
1104,406,12.42.24,4,AYAM-1,TIDAK_LAYAK,1.2775,0.9709,0.8894,1.0737,30.8,90.2
1105,1016,12.42.24,4,AYAM-1,TIDAK_LAYAK,1.1095,0.8541,0.7777,0.8891,30.8,90.4
1106,1425,12.42.25,4,AYAM-1,TIDAK_LAYAK,1.1095,0.8541,0.7777,0.8891,30.8,90.4
1107,1834,12.42.25,4,AYAM-1,TIDAK_LAYAK,1.1095,0.8529,0.7792,0.8884,30.8,90.4
1108,2449,12.42.26,4,AYAM-1,TIDAK_LAYAK,1.1067,0.8498,0.7787,0.8989,30.8,90.4
1109,2859,12.42.26,4,AYAM-1,TIDAK_LAYAK,1.2466,0.9531,0.8694,1.0044,30.8,90.4
1110,3474,12.42.27,4,AYAM-1,TIDAK_LAYAK,1.1122,0.8559,0.7792,0.9002,30.8,90.4
1111,3884,12.42.27,4,AYAM-1,TIDAK_LAYAK,1.2542,0.9552,0.8654,1.0106,30.8,90.4
1112,4498,12.42.28,4,AYAM-1,TIDAK_LAYAK,1.1373,0.8517,0.7777,0.8756,30.8,90.4
1113,4917,12.42.28,4,AYAM-1,TIDAK_LAYAK,1.3502,0.9907,0.8964,1.0294,30.8,90.4
1114,5521,12.42.29,4,AYAM-1,TIDAK_LAYAK,1.1326,0.8517,0.7792,0.891,30.8,90.6
1115,5945,12.42.29,4,AYAM-1,TIDAK_LAYAK,1.1326,0.8517,0.7792,0.891,30.8,90.6
1116,6340,12.42.30,4,AYAM-1,TIDAK_LAYAK,1.2741,0.9482,0.8665,0.9998,30.8,90.6
1117,6956,12.42.30,4,AYAM-1,TIDAK_LAYAK,1.1584,0.8444,0.7747,0.8917,30.8,90.6
1118,7373,12.42.31,4,AYAM-1,TIDAK_LAYAK,1.2763,0.9524,0.8682,1.0067,30.8,90.6
1119,7979,12.42.31,4,AYAM-1,TIDAK_LAYAK,1.1242,0.8511,0.7762,0.8897,30.8,90.6
1120,8389,12.42.32,4,AYAM-1,TIDAK_LAYAK,1.2956,0.9531,0.8688,1.0021,30.8,90.7
1121,9003,12.42.32,4,AYAM-1,TIDAK_LAYAK,1.1159,0.8535,0.7752,0.8996,30.8,90.7
1122,9413,12.42.33,4,AYAM-1,TIDAK_LAYAK,1.3284,0.9702,0.8912,1.0254,30.8,90.7
1123,10027,12.42.33,4,AYAM-1,TIDAK_LAYAK,1.1242,0.845,0.7772,0.8891,30.8,90.7
1124,10446,12.42.34,4,AYAM-1,TIDAK_LAYAK,1.1242,0.845,0.7772,0.8891,30.8,90.7
1125,10847,12.42.34,4,AYAM-1,TIDAK_LAYAK,1.2422,0.9496,0.8682,1.0021,30.8,90.8
1126,11462,12.42.35,4,AYAM-1,TIDAK_LAYAK,1.1345,0.8456,0.7777,0.8891,30.8,90.8
1127,11870,12.42.35,4,AYAM-1,TIDAK_LAYAK,1.2369,0.9531,0.8711,1.0028,30.8,90.8
1128,12485,12.42.36,4,AYAM-1,TIDAK_LAYAK,1.1104,0.8523,0.7752,0.8897,30.8,90.8
1129,12895,12.42.36,4,AYAM-1,TIDAK_LAYAK,1.2586,0.9454,0.8671,0.9907,30.8,90.8
1130,13509,12.42.37,4,AYAM-1,TIDAK_LAYAK,1.1288,0.8523,0.7777,0.891,30.8,90.9
1131,13918,12.42.37,4,AYAM-1,TIDAK_LAYAK,1.3625,0.9637,0.9202,1.0636,30.8,90.9
1132,14335,12.42.38,4,AYAM-1,TIDAK_LAYAK,1.1242,0.848,0.7772,0.8891,30.8,90.9
1133,14943,12.42.38,4,AYAM-1,TIDAK_LAYAK,1.1067,0.8456,0.7802,0.8989,30.8,90.9
1134,15352,12.42.39,4,AYAM-1,TIDAK_LAYAK,1.1049,0.8337,0.7752,0.8884,30.8,90.9
1135,15967,12.42.39,4,AYAM-1,TIDAK_LAYAK,1.095,0.842,0.7762,0.8845,30.8,91
1136,16583,12.42.40,4,AYAM-1,TIDAK_LAYAK,1.0826,0.8325,0.7717,0.8923,30.8,91
1137,16990,12.42.40,4,AYAM-1,TIDAK_LAYAK,1.0826,0.8325,0.7717,0.8923,30.8,91
1138,17400,12.42.41,4,AYAM-1,TIDAK_LAYAK,1.2369,0.9322,0.8654,0.9929,30.8,91
1139,17810,12.42.41,4,AYAM-1,TIDAK_LAYAK,1.0765,0.8426,0.7747,0.8982,30.8,91
1140,18424,12.42.42,4,AYAM-1,TIDAK_LAYAK,1.0923,0.8325,0.7732,0.8852,30.8,90.8
1141,18835,12.42.42,4,AYAM-1,TIDAK_LAYAK,1.1104,0.8355,0.7722,0.8976,30.8,90.8
1142,19449,12.42.43,4,AYAM-1,TIDAK_LAYAK,1.0995,0.8361,0.7752,0.8852,30.8,90.8
1143,20065,12.42.43,4,AYAM-1,TIDAK_LAYAK,1.1177,0.8355,0.7737,0.8923,30.8,90.8
1144,20472,12.42.44,4,AYAM-1,TIDAK_LAYAK,1.1177,0.8355,0.7737,0.8923,30.8,90.8
1145,20883,12.42.44,4,AYAM-1,TIDAK_LAYAK,1.2719,0.9227,0.8609,1.0067,30.8,90.6
1146,21497,12.42.45,4,AYAM-1,TIDAK_LAYAK,1.1251,0.8267,0.7692,0.8865,30.8,90.6
1147,21906,12.42.45,4,AYAM-1,TIDAK_LAYAK,1.2586,0.9207,0.8609,1.0021,30.8,90.6
1148,22522,12.42.46,4,AYAM-1,TIDAK_LAYAK,1.2865,0.9384,0.9082,1.0995,30.8,90.6
1149,22941,12.42.46,4,AYAM-1,TIDAK_LAYAK,1.2865,0.9384,0.9082,1.0995,30.8,90.6
1150,23354,12.42.47,4,AYAM-1,TIDAK_LAYAK,1.1439,0.8168,0.7667,0.8832,30.8,90.4
1151,23954,12.42.47,4,AYAM-1,TIDAK_LAYAK,1.1307,0.8049,0.7667,0.8826,30.8,90.4
1152,24364,12.42.48,4,AYAM-1,TIDAK_LAYAK,1.2979,0.9054,0.8762,1.0943,30.8,90.4
1153,24978,12.42.48,4,AYAM-1,TIDAK_LAYAK,1.1326,0.8009,0.7652,0.8826,30.8,90.4
1154,25388,12.42.49,4,AYAM-1,TIDAK_LAYAK,1.2531,0.8853,0.8553,1.0021,30.8,90.4
1155,26004,12.42.49,4,AYAM-1,TIDAK_LAYAK,1.1104,0.7998,0.7672,0.8897,30.8,90.4
1156,26420,12.42.50,4,AYAM-1,TIDAK_LAYAK,1.2369,0.8866,0.8553,1.0028,30.8,90.4
1157,27027,12.42.50,4,AYAM-1,TIDAK_LAYAK,1.1013,0.797,0.7662,0.8884,30.8,90.4
1158,27436,12.42.51,4,AYAM-1,TIDAK_LAYAK,1.1013,0.797,0.7662,0.8884,30.8,90.4
1159,27846,12.42.51,4,AYAM-1,TIDAK_LAYAK,1.1076,0.797,0.7618,0.8852,30.8,90.4
1160,28460,12.42.52,4,AYAM-1,TIDAK_LAYAK,1.1085,0.7965,0.7618,0.8794,30.8,90.5
1161,28870,12.42.52,4,AYAM-1,TIDAK_LAYAK,1.2369,0.8802,0.8509,0.9765,30.8,90.5
1162,29484,12.42.53,4,AYAM-1,TIDAK_LAYAK,1.1095,0.7898,0.7623,0.8673,30.8,90.5
1163,29894,12.42.53,4,AYAM-1,TIDAK_LAYAK,1.2509,0.8872,0.8542,0.9975,30.8,90.5
1164,30511,12.42.54,4,AYAM-1,TIDAK_LAYAK,1.1122,0.7959,0.7618,0.873,30.8,90.7
1165,31123,12.42.54,4,AYAM-1,TIDAK_LAYAK,1.1392,0.7959,0.7637,0.873,30.8,90.7
1166,31532,12.42.55,4,AYAM-1,TIDAK_LAYAK,1.127,0.7959,0.7593,0.8749,30.8,90.7
1167,31953,12.42.55,4,AYAM-1,TIDAK_LAYAK,1.127,0.7959,0.7593,0.8749,30.8,90.7
1168,32352,12.42.56,4,AYAM-1,TIDAK_LAYAK,1.273,0.8891,0.8559,0.9952,30.8,90.7
1169,32966,12.42.56,4,AYAM-1,TIDAK_LAYAK,1.1335,0.797,0.7623,0.8756,30.8,90.7
1170,33379,12.42.57,4,AYAM-1,TIDAK_LAYAK,1.2922,0.8815,0.8504,0.978,30.8,90.8
1171,33990,12.42.57,4,AYAM-1,TIDAK_LAYAK,1.1439,0.8009,0.7613,0.8858,30.8,90.8
1172,34400,12.42.58,4,AYAM-1,TIDAK_LAYAK,1.2608,0.8872,0.8526,0.9975,30.8,90.8
1173,35014,12.42.58,4,AYAM-1,TIDAK_LAYAK,1.1242,0.7937,0.7613,0.8858,30.8,90.8
1174,35423,12.42.59,4,AYAM-1,TIDAK_LAYAK,1.2763,0.9087,0.8756,1.0254,30.8,90.8
1175,36038,12.42.59,4,AYAM-1,TIDAK_LAYAK,1.0977,0.7931,0.7598,0.8858,30.8,90.9
1176,36448,12.43.00,4,AYAM-1,TIDAK_LAYAK,1.0977,0.7931,0.7598,0.8858,30.8,90.9
1177,36857,12.43.00,4,AYAM-1,TIDAK_LAYAK,1.1076,0.7987,0.7588,0.8762,30.8,90.9
1178,37472,12.43.01,4,AYAM-1,TIDAK_LAYAK,1.0888,0.7965,0.7573,0.8878,30.8,90.9
1179,37882,12.43.01,4,AYAM-1,TIDAK_LAYAK,1.2369,0.8815,0.8509,0.9802,30.8,90.9
1180,38496,12.43.02,4,AYAM-1,TIDAK_LAYAK,1.114,0.802,0.7583,0.8756,30.8,91.3
1181,39125,12.43.02,4,AYAM-1,TIDAK_LAYAK,1.1076,0.7998,0.7583,0.8686,30.8,91.3
1182,39520,12.43.03,4,AYAM-1,TIDAK_LAYAK,1.1076,0.7998,0.7583,0.8686,30.8,91.3
1183,39929,12.43.03,4,AYAM-1,TIDAK_LAYAK,1.3332,0.9637,0.89,1.0294,30.8,91.3
1184,40339,12.43.04,4,AYAM-1,TIDAK_LAYAK,1.1545,0.7926,0.7573,0.8832,30.8,91.3
1185,40953,12.43.04,4,AYAM-1,TIDAK_LAYAK,1.1242,0.7987,0.7593,0.8884,30.8,91.3
1186,41363,12.43.05,4,AYAM-1,TIDAK_LAYAK,1.127,0.7953,0.7583,0.8884,30.8,91.3
1187,41979,12.43.05,4,AYAM-1,TIDAK_LAYAK,1.1288,0.7959,0.7598,0.8711,30.8,91.3
1188,42387,12.43.06,4,AYAM-1,TIDAK_LAYAK,1.2487,0.8834,0.8504,0.9824,30.8,91.3
1189,42797,12.43.06,4,AYAM-1,TIDAK_LAYAK,1.1085,0.802,0.7583,0.8686,30.8,91.3
1190,43411,12.43.07,4,AYAM-1,TIDAK_LAYAK,1.1058,0.7948,0.7598,0.8826,30.8,91.6
1191,44025,12.43.07,4,AYAM-1,TIDAK_LAYAK,1.1004,0.8043,0.7603,0.8923,30.8,91.6
1192,44435,12.43.08,4,AYAM-1,TIDAK_LAYAK,1.3563,0.9275,0.8733,1.0712,30.8,91.6
1193,45050,12.43.08,4,AYAM-1,TIDAK_LAYAK,1.126,0.7931,0.7554,0.8756,30.8,91.6
1194,45459,12.43.09,4,AYAM-1,TIDAK_LAYAK,1.126,0.7931,0.7554,0.8756,30.8,91.6
1195,45869,12.43.09,4,AYAM-1,TIDAK_LAYAK,1.142,0.7953,0.7588,0.8826,30.8,91.7
1196,46484,12.43.10,4,AYAM-1,TIDAK_LAYAK,1.142,0.7976,0.7588,0.8794,30.8,91.7
1197,46895,12.43.10,4,AYAM-1,TIDAK_LAYAK,1.2707,0.8872,0.8476,0.9922,30.8,91.7
1198,47507,12.43.11,4,AYAM-1,TIDAK_LAYAK,1.1345,0.8037,0.7588,0.8891,30.8,91.7
1199,47919,12.43.11,4,AYAM-1,TIDAK_LAYAK,1.2553,0.8885,0.8459,1.0013,30.8,91.7
1200,48533,12.43.12,4,AYAM-1,TIDAK_LAYAK,1.2553,0.8834,0.8504,1.0013,30.8,91.8
1201,48941,12.43.12,4,AYAM-1,TIDAK_LAYAK,1.2553,0.8834,0.8504,1.0013,30.8,91.8
1202,49350,12.43.13,4,AYAM-1,TIDAK_LAYAK,1.1085,0.8043,0.7588,0.8923,30.8,91.8
1203,49966,12.43.13,4,AYAM-1,TIDAK_LAYAK,1.1013,0.8032,0.7573,0.8813,30.8,91.8
1204,50580,12.43.14,4,AYAM-1,TIDAK_LAYAK,1.1031,0.7992,0.7569,0.8858,30.8,92
1205,50989,12.43.14,4,AYAM-1,TIDAK_LAYAK,1.1031,0.7992,0.7569,0.8858,30.8,92
1206,51399,12.43.15,4,AYAM-1,TIDAK_LAYAK,1.2369,0.8853,0.8448,1.0036,30.8,92
1207,51808,12.43.15,4,AYAM-1,TIDAK_LAYAK,1.0835,0.7992,0.7573,0.8743,30.8,92
1208,52423,12.43.16,4,AYAM-1,TIDAK_LAYAK,1.1067,0.7976,0.7583,0.8852,30.8,92
1209,52833,12.43.16,4,AYAM-1,TIDAK_LAYAK,1.1113,0.7931,0.7554,0.8813,30.8,92
1210,53447,12.43.17,4,AYAM-1,TIDAK_LAYAK,1.1526,0.8226,0.7888,0.9211,30.8,92.1
1211,54061,12.43.17,4,AYAM-1,TIDAK_LAYAK,1.1242,0.7976,0.7573,0.8891,30.8,92.1
1212,54471,12.43.18,4,AYAM-1,TIDAK_LAYAK,1.1242,0.7976,0.7573,0.8891,30.8,92.1
1213,54880,12.43.18,4,AYAM-1,TIDAK_LAYAK,1.2786,0.8808,0.847,1.0021,30.8,92.1
1214,55505,12.43.19,4,AYAM-1,TIDAK_LAYAK,1.127,0.7965,0.7593,0.8794,30.8,92.2
1215,56111,12.43.19,4,AYAM-1,TIDAK_LAYAK,1.1401,0.7987,0.7583,0.8724,30.8,92.2
1216,56519,12.43.20,4,AYAM-1,TIDAK_LAYAK,1.1401,0.7987,0.7583,0.8724,30.8,92.2
1217,56928,12.43.20,4,AYAM-1,TIDAK_LAYAK,1.2763,0.8866,0.8476,0.9998,30.8,92.2
1218,57340,12.43.21,4,AYAM-1,TIDAK_LAYAK,1.1223,0.7953,0.7588,0.8832,30.8,92.2
1219,57952,12.43.21,4,AYAM-1,TIDAK_LAYAK,1.1307,0.7959,0.7593,0.893,30.8,92.2
1220,58372,12.43.22,4,AYAM-1,TIDAK_LAYAK,1.1186,0.8032,0.7559,0.882,30.8,92.3
1221,58976,12.43.22,4,AYAM-1,TIDAK_LAYAK,1.1095,0.7992,0.7583,0.8743,30.8,92.3
1222,59386,12.43.23,4,AYAM-1,TIDAK_LAYAK,1.2369,0.8808,0.8465,0.9757,30.8,92.3
1223,60001,12.43.23,4,AYAM-1,TIDAK_LAYAK,1.1049,0.7959,0.7539,0.8794,30.8,92.3
1224,60410,12.43.24,4,AYAM-1,TIDAK_LAYAK,1.2369,0.8802,0.8476,0.9802,30.8,92.3
1225,61024,12.43.24,4,AYAM-1,TIDAK_LAYAK,1.0986,0.8049,0.7534,0.88,30.8,92.3
1226,61434,12.43.25,4,AYAM-1,TIDAK_LAYAK,1.2369,0.9234,0.8682,1.027,30.8,92.3
1227,62049,12.43.25,4,AYAM-1,TIDAK_LAYAK,1.1076,0.7887,0.7539,0.8686,30.8,92.3
1228,62463,12.43.26,4,AYAM-1,TIDAK_LAYAK,1.1076,0.7887,0.7539,0.8686,30.8,92.3
1229,63074,12.43.26,4,AYAM-1,TIDAK_LAYAK,1.126,0.8049,0.7603,0.8878,30.8,92.6
1230,63684,12.43.27,4,AYAM-1,TIDAK_LAYAK,1.1326,0.8049,0.7613,0.8891,30.8,92.6
1231,64106,12.43.27,4,AYAM-1,TIDAK_LAYAK,1.1251,0.8009,0.7593,0.8891,30.8,92.6
1232,64506,12.43.28,4,AYAM-1,TIDAK_LAYAK,1.1251,0.8009,0.7593,0.8891,30.8,92.6
1233,64916,12.43.28,4,AYAM-1,TIDAK_LAYAK,1.2786,0.8827,0.8465,0.978,30.8,92.6
1234,65326,12.43.29,4,AYAM-1,TIDAK_LAYAK,1.1458,0.802,0.7544,0.882,30.8,92.6
1235,65940,12.43.29,4,AYAM-1,TIDAK_LAYAK,1.1439,0.8032,0.7573,0.8923,30.8,92.6
1236,66349,12.43.30,4,AYAM-1,TIDAK_LAYAK,1.1392,0.7976,0.7583,0.8878,30.8,92.6
1237,66964,12.43.30,4,AYAM-1,TIDAK_LAYAK,1.1242,0.8015,0.7539,0.8826,30.8,92.6
1238,67380,12.43.31,4,AYAM-1,TIDAK_LAYAK,1.1326,0.7981,0.7554,0.8891,30.8,92.6
1239,67992,12.43.31,4,AYAM-1,TIDAK_LAYAK,1.1195,0.7992,0.7559,0.8794,30.8,92.7
1240,68603,12.43.32,4,AYAM-1,TIDAK_LAYAK,1.095,0.797,0.7588,0.873,30.8,92.7
1241,69012,12.43.32,4,AYAM-1,TIDAK_LAYAK,1.095,0.797,0.7588,0.873,30.8,92.7
1242,69422,12.43.33,4,AYAM-1,TIDAK_LAYAK,1.2369,0.8827,0.8438,0.9914,30.8,92.7
1243,69831,12.43.33,4,AYAM-1,TIDAK_LAYAK,1.0977,0.7992,0.7583,0.8717,30.8,92.7
1244,70446,12.43.34,4,AYAM-1,TIDAK_LAYAK,1.1049,0.7965,0.7564,0.8807,30.8,92.7
1245,70855,12.43.34,4,AYAM-1,TIDAK_LAYAK,1.0861,0.7976,0.7583,0.8743,30.8,92.7
1246,71470,12.43.35,4,AYAM-1,TIDAK_LAYAK,1.1085,0.7948,0.7573,0.88,30.8,92.7
1247,71880,12.43.35,4,AYAM-1,TIDAK_LAYAK,1.2422,0.8891,0.8459,0.9869,30.8,92.7
1248,72494,12.43.36,4,AYAM-1,TIDAK_LAYAK,1.1004,0.802,0.7588,0.8705,30.8,92.7
1249,72903,12.43.36,4,AYAM-1,TIDAK_LAYAK,1.2597,0.8834,0.8443,0.9877,30.8,92.7
1250,73518,12.43.37,4,AYAM-1,TIDAK_LAYAK,1.1392,0.7959,0.7578,0.8826,30.8,92.8
1251,73928,12.43.37,4,AYAM-1,TIDAK_LAYAK,1.2685,0.8815,0.8481,0.9907,30.8,92.8
1252,74337,12.43.38,4,AYAM-1,TIDAK_LAYAK,1.1411,0.7871,0.7534,0.8756,30.8,92.8
1253,74955,12.43.38,4,AYAM-1,TIDAK_LAYAK,1.1335,0.8009,0.7588,0.8891,30.8,92.8
1254,75361,12.43.39,4,AYAM-1,TIDAK_LAYAK,1.1526,0.7987,0.7569,0.8923,30.8,92.8
1255,75975,12.43.39,4,AYAM-1,TIDAK_LAYAK,1.126,0.8009,0.753,0.8891,30.8,93
1256,76591,12.43.40,4,AYAM-1,TIDAK_LAYAK,1.1214,0.797,0.7515,0.8743,30.8,93
1257,77000,12.43.40,4,AYAM-1,TIDAK_LAYAK,1.1214,0.797,0.7515,0.8743,30.8,93
1258,77409,12.43.41,4,AYAM-1,TIDAK_LAYAK,1.2433,0.8808,0.8465,0.9847,30.8,93
1259,77821,12.43.41,4,AYAM-1,TIDAK_LAYAK,1.1013,0.7909,0.7559,0.8865,30.8,93
1260,78433,12.43.42,4,AYAM-1,TIDAK_LAYAK,1.0986,0.7953,0.7539,0.8826,30.8,93
1261,78843,12.43.42,4,AYAM-1,TIDAK_LAYAK,1.095,0.7959,0.7554,0.8891,30.8,93
1262,79458,12.43.43,4,AYAM-1,TIDAK_LAYAK,1.0941,0.7976,0.7525,0.8891,30.8,93
1263,79867,12.43.43,4,AYAM-1,TIDAK_LAYAK,1.0817,0.7965,0.751,0.891,30.8,93
1264,80482,12.43.44,4,AYAM-1,TIDAK_LAYAK,1.0932,0.802,0.7583,0.8891,30.8,93
1265,81096,12.43.44,4,AYAM-1,TIDAK_LAYAK,1.127,0.8157,0.7742,0.9102,30.8,93.1
1266,81710,12.43.45,4,AYAM-1,TIDAK_LAYAK,1.1449,0.8083,0.7752,0.9062,30.8,93.1
1267,82120,12.43.45,4,AYAM-1,TIDAK_LAYAK,1.1516,0.8088,0.7737,0.9122,30.8,93.1
1268,82739,12.43.46,4,AYAM-1,TIDAK_LAYAK,1.1401,0.8157,0.7752,0.9122,30.8,93.1
1269,83145,12.43.46,4,AYAM-1,TIDAK_LAYAK,1.1526,0.8134,0.7732,0.9029,30.8,93.1
1270,83554,12.43.47,4,AYAM-1,TIDAK_LAYAK,1.1497,0.8128,0.7742,0.9102,30.8,93.1
1271,83963,12.43.47,4,AYAM-1,TIDAK_LAYAK,1.1497,0.8128,0.7742,0.9102,30.8,93.1
1272,84373,12.43.48,4,AYAM-1,TIDAK_LAYAK,1.1701,0.8122,0.7712,0.9062,30.8,93.1
1273,84988,12.43.48,4,AYAM-1,TIDAK_LAYAK,1.1439,0.8168,0.7762,0.9082,30.8,93.1
1274,85397,12.43.49,4,AYAM-1,TIDAK_LAYAK,1.282,0.8956,0.862,1.0129,30.8,93.1
1275,86012,12.43.49,4,AYAM-1,TIDAK_LAYAK,1.1345,0.8238,0.7852,0.9314,30.8,93.1
1276,86421,12.43.50,4,AYAM-1,TIDAK_LAYAK,1.3014,0.9275,0.8964,1.0586,30.8,93.1
1277,86831,12.43.50,4,AYAM-1,TIDAK_LAYAK,1.1401,0.8337,0.7996,0.9335,30.8,93.1
1278,87445,12.43.51,4,AYAM-1,TIDAK_LAYAK,1.1526,0.8325,0.8001,0.9475,30.8,93.1
1279,87855,12.43.51,4,AYAM-1,TIDAK_LAYAK,1.1632,0.848,0.8058,0.9539,30.8,93.1
1280,88469,12.43.52,4,AYAM-1,TIDAK_LAYAK,1.1232,0.8355,0.8001,0.9482,30.8,93.3
1281,89096,12.43.52,4,AYAM-1,TIDAK_LAYAK,1.1251,0.8162,0.7837,0.9163,30.8,93.3
1282,89493,12.43.53,4,AYAM-1,TIDAK_LAYAK,1.1251,0.8162,0.7837,0.9163,30.8,93.3
1283,89902,12.43.53,4,AYAM-1,TIDAK_LAYAK,1.2369,0.8815,0.8553,1.0106,30.8,93.3
1284,90313,12.43.54,4,AYAM-1,TIDAK_LAYAK,1.1113,0.7998,0.7657,0.9002,30.8,93.3
1285,90927,12.43.54,4,AYAM-1,TIDAK_LAYAK,1.1251,0.8037,0.7647,0.8989,30.8,93.3
1286,91336,12.43.55,4,AYAM-1,TIDAK_LAYAK,1.1478,0.8214,0.7837,0.9224,30.8,93.3
1287,91951,12.43.55,4,AYAM-1,TIDAK_LAYAK,1.1288,0.8049,0.7682,0.9102,30.8,93.3
1288,92361,12.43.56,4,AYAM-1,TIDAK_LAYAK,1.2487,0.8802,0.862,1.0286,30.8,93.3
1289,92975,12.43.56,4,AYAM-1,TIDAK_LAYAK,1.0915,0.78,0.7357,0.8549,30.8,93.3
1290,93395,12.43.57,4,AYAM-1,TIDAK_LAYAK,1.2652,0.8834,0.8711,1.0262,30.8,93.4
1291,93999,12.43.57,4,AYAM-1,TIDAK_LAYAK,1.1701,0.8232,0.8016,0.9348,30.8,93.4
1292,94408,12.43.58,4,AYAM-1,TIDAK_LAYAK,1.2911,0.8962,0.8716,1.0398,30.8,93.4
1293,95023,12.43.58,4,AYAM-1,TIDAK_LAYAK,1.1574,0.8343,0.811,0.9461,30.8,93.4
1294,95434,12.43.59,4,AYAM-1,TIDAK_LAYAK,1.3296,0.9021,0.8802,1.0463,30.8,93.4
1295,96047,12.43.59,4,AYAM-1,TIDAK_LAYAK,1.1195,0.797,0.7742,0.9082,30.8,93.4
1296,96457,12.44.00,4,AYAM-1,TIDAK_LAYAK,1.1195,0.797,0.7742,0.9082,30.8,93.4
1297,96867,12.44.00,4,AYAM-1,TIDAK_LAYAK,1.114,0.7959,0.7752,0.8996,30.8,93.4
1298,97480,12.44.01,4,AYAM-1,TIDAK_LAYAK,1.095,0.8066,0.7802,0.9163,30.8,93.4
1299,98095,12.44.01,4,AYAM-1,TIDAK_LAYAK,1.1095,0.7987,0.7737,0.9016,30.8,93.5
1300,98505,12.44.02,4,AYAM-1,TIDAK_LAYAK,1.1095,0.7987,0.7737,0.9016,30.8,93.5
1301,98915,12.44.02,4,AYAM-1,TIDAK_LAYAK,1.2168,0.8523,0.8318,0.9713,30.8,93.5
1302,99324,12.44.03,4,AYAM-1,TIDAK_LAYAK,1.1242,0.8009,0.7692,0.9082,30.8,93.5
1303,99938,12.44.03,4,AYAM-1,TIDAK_LAYAK,1.1449,0.7931,0.7667,0.9082,30.8,93.5
1304,100348,12.44.04,4,AYAM-1,TIDAK_LAYAK,1.1373,0.7976,0.7692,0.9102,30.8,93.5
1305,100964,12.44.04,4,AYAM-1,TIDAK_LAYAK,1.1382,0.7987,0.7662,0.8982,30.8,93.5
1306,101372,12.44.05,4,AYAM-1,TIDAK_LAYAK,1.1382,0.7876,0.7657,0.9009,30.8,93.5
1307,101986,12.44.05,4,AYAM-1,TIDAK_LAYAK,1.1506,0.7948,0.7672,0.9002,30.8,93.5
1308,102603,12.44.06,4,AYAM-1,TIDAK_LAYAK,1.1232,0.7959,0.7667,0.8884,30.8,93.5
1309,103012,12.44.06,4,AYAM-1,TIDAK_LAYAK,1.1232,0.7959,0.7667,0.8884,30.8,93.5
1310,103420,12.44.07,4,AYAM-1,TIDAK_LAYAK,1.2369,0.8615,0.8318,0.978,30.8,93.5
1311,103831,12.44.07,4,AYAM-1,TIDAK_LAYAK,1.1186,0.8032,0.7662,0.9035,30.8,93.5
1312,104444,12.44.08,4,AYAM-1,TIDAK_LAYAK,1.1095,0.8009,0.7667,0.9002,30.8,93.5
1313,104854,12.44.08,4,AYAM-1,TIDAK_LAYAK,1.1076,0.7987,0.7687,0.9016,30.8,93.5
1314,105468,12.44.09,4,AYAM-1,TIDAK_LAYAK,1.104,0.7937,0.7682,0.8976,30.8,93.5
1315,105878,12.44.09,4,AYAM-1,TIDAK_LAYAK,1.189,0.8529,0.8291,0.964,30.8,93.6
1316,106492,12.44.10,4,AYAM-1,TIDAK_LAYAK,1.1095,0.7992,0.7667,0.9069,30.8,93.6
1317,106902,12.44.10,4,AYAM-1,TIDAK_LAYAK,1.18,0.8498,0.8296,0.9824,30.8,93.6
1318,107516,12.44.11,4,AYAM-1,TIDAK_LAYAK,1.1195,0.7992,0.7702,0.9062,30.8,93.6
1319,107926,12.44.11,4,AYAM-1,TIDAK_LAYAK,1.2033,0.8553,0.8334,0.9847,30.8,93.6
1320,108540,12.44.12,4,AYAM-1,TIDAK_LAYAK,1.2876,0.9041,0.8808,1.0529,30.8,93.6
1321,108950,12.44.12,4,AYAM-1,TIDAK_LAYAK,1.2876,0.9041,0.8808,1.0529,30.8,93.6
1322,109359,12.44.13,4,AYAM-1,TIDAK_LAYAK,1.1911,0.8355,0.8153,0.9582,30.8,93.6
1323,109974,12.44.13,4,AYAM-1,TIDAK_LAYAK,1.1911,0.839,0.819,0.9677,30.8,93.6
1324,110384,12.44.14,4,AYAM-1,TIDAK_LAYAK,1.3037,0.8924,0.8762,1.0545,30.8,93.6
1325,110999,12.44.14,4,AYAM-1,TIDAK_LAYAK,1.1941,0.8385,0.8121,0.9546,30.8,93.7
1326,111408,12.44.15,4,AYAM-1,TIDAK_LAYAK,1.3084,0.9001,0.8768,1.0447,30.8,93.7
1327,111832,12.44.15,4,AYAM-1,TIDAK_LAYAK,1.175,0.8232,0.8079,0.9503,30.8,93.7
1328,112435,12.44.16,4,AYAM-1,TIDAK_LAYAK,1.185,0.822,0.8048,0.9525,30.8,93.7
1329,112841,12.44.16,4,AYAM-1,TIDAK_LAYAK,1.1721,0.8355,0.8147,0.9655,30.8,93.7
1330,113469,12.44.17,4,AYAM-1,TIDAK_LAYAK,1.1642,0.8255,0.8089,0.9511,30.8,93.7
1331,113867,12.44.17,4,AYAM-1,TIDAK_LAYAK,1.2422,0.8949,0.8745,1.0471,30.8,93.7
1332,114481,12.44.18,4,AYAM-1,TIDAK_LAYAK,1.1564,0.8267,0.81,0.944,30.8,93.7
1333,114892,12.44.18,4,AYAM-1,TIDAK_LAYAK,1.2476,0.8911,0.8745,1.027,30.8,93.7
1334,115505,12.44.19,4,AYAM-1,TIDAK_LAYAK,1.1478,0.8337,0.8147,0.9597,30.8,93.8
1335,115914,12.44.19,4,AYAM-1,TIDAK_LAYAK,1.2455,0.8924,0.879,1.0423,30.8,93.8
1336,116323,12.44.20,4,AYAM-1,TIDAK_LAYAK,1.1326,0.8284,0.8131,0.9411,30.8,93.8
1337,116937,12.44.20,4,AYAM-1,TIDAK_LAYAK,1.1497,0.8337,0.8126,0.964,30.8,93.8
1338,117347,12.44.21,4,AYAM-1,TIDAK_LAYAK,1.1545,0.8331,0.8147,0.9611,30.8,93.8
1339,117961,12.44.21,4,AYAM-1,TIDAK_LAYAK,1.1535,0.8337,0.81,0.9662,30.8,93.8
1340,118371,12.44.22,4,AYAM-1,TIDAK_LAYAK,1.1701,0.8325,0.811,0.9597,30.8,93.8
1341,118985,12.44.22,4,AYAM-1,TIDAK_LAYAK,1.182,0.8272,0.8074,0.944,30.8,93.8
1342,119395,12.44.23,4,AYAM-1,TIDAK_LAYAK,1.2808,0.8969,0.8722,1.027,30.8,93.8
1343,120011,12.44.23,4,AYAM-1,TIDAK_LAYAK,1.1642,0.829,0.8105,0.9468,30.8,93.8
1344,120419,12.44.24,4,AYAM-1,TIDAK_LAYAK,1.2652,0.8885,0.8733,1.027,30.8,93.8
1345,121034,12.44.24,4,AYAM-1,TIDAK_LAYAK,1.2719,0.9015,0.8865,1.0471,30.8,93.9
1346,121648,12.44.25,4,AYAM-1,TIDAK_LAYAK,1.1584,0.8261,0.81,0.9383,30.8,93.9
1347,122059,12.44.25,4,AYAM-1,TIDAK_LAYAK,1.1652,0.8284,0.8069,0.9468,30.8,93.9
1348,122672,12.44.26,4,AYAM-1,TIDAK_LAYAK,1.1652,0.8272,0.8058,0.9568,30.8,93.9
1349,123082,12.44.26,4,AYAM-1,TIDAK_LAYAK,1.1603,0.8232,0.8006,0.9539,30.8,94
1350,123697,12.44.27,4,AYAM-1,TIDAK_LAYAK,1.1642,0.8226,0.8058,0.9418,30.8,94
1351,124106,12.44.27,4,AYAM-1,TIDAK_LAYAK,1.1545,0.8249,0.8042,0.9546,30.8,94
1352,408,13.01.26,5,TELOR-1,LAYAK,1.1497,0.968,0.9268,1.0995,31.2,87.8
1353,1016,13.01.26,5,TELOR-1,LAYAK,1.0391,0.8975,0.8553,0.9952,31.2,87.6
1354,1425,13.01.27,5,TELOR-1,LAYAK,1.1242,0.9775,0.9256,1.1021,31.2,87.6
1355,2040,13.01.27,5,TELOR-1,LAYAK,1.142,0.976,0.9274,1.0822,31.2,87.6
1356,2449,13.01.28,5,TELOR-1,LAYAK,1.142,0.976,0.9274,1.0822,31.2,87.6
1357,2859,13.01.28,5,TELOR-1,LAYAK,1.0308,0.8982,0.8565,1.0005,31.2,87.6
1358,3484,13.01.29,5,TELOR-1,LAYAK,1.0399,0.8962,0.852,0.9922,31.2,87.6
1359,4088,13.01.29,5,TELOR-1,LAYAK,1.0474,0.8956,0.852,0.9884,31.2,87.4
1360,4497,13.01.30,5,TELOR-1,LAYAK,1.0474,0.8956,0.852,0.9884,31.2,87.4
1361,4907,13.01.30,5,TELOR-1,LAYAK,1.1307,0.9673,0.9178,1.0934,31.2,87.4
1362,5521,13.01.31,5,TELOR-1,LAYAK,1.0243,0.8982,0.8504,0.9998,31.2,87.4
1363,6136,13.01.31,5,TELOR-1,LAYAK,1.0483,0.9021,0.8559,0.9975,31.2,87.4
1364,6546,13.01.32,5,TELOR-1,LAYAK,1.0399,0.8975,0.8498,0.9914,31.2,87.4
1365,6955,13.01.32,5,TELOR-1,LAYAK,1.0399,0.8975,0.8498,0.9914,31.2,87.4
1366,7365,13.01.33,5,TELOR-1,LAYAK,1.0358,0.8936,0.8504,0.9877,31.2,87.4
1367,7979,13.01.33,5,TELOR-1,LAYAK,1.0474,0.8936,0.8504,0.9802,31.2,87.4
1368,8392,13.01.34,5,TELOR-1,LAYAK,1.1288,0.9811,0.9244,1.0882,31.2,87.4
1369,9005,13.01.34,5,TELOR-1,LAYAK,1.0374,0.9021,0.8498,1.0005,31.2,87.7
1370,9413,13.01.35,5,TELOR-1,LAYAK,1.1335,0.9841,0.9244,1.1056,31.2,87.7
1371,10027,13.01.35,5,TELOR-1,LAYAK,1.0399,0.9021,0.8553,0.9922,31.2,87.7
1372,10437,13.01.36,5,TELOR-1,LAYAK,1.1373,0.9915,1.0038,1.1048,31.2,87.7
1373,10847,13.01.36,5,TELOR-1,LAYAK,1.0259,0.9008,0.8537,1.0021,31.2,87.7
1374,11461,13.01.37,5,TELOR-1,LAYAK,1.0383,0.8917,0.8504,0.9706,31.2,88
1375,11870,13.01.37,5,TELOR-1,LAYAK,1.0366,0.8872,0.8465,0.9982,31.2,88
1376,12486,13.01.38,5,TELOR-1,LAYAK,1.0243,0.8988,0.8542,1.0021,31.2,88
1377,12895,13.01.38,5,TELOR-1,LAYAK,1.1401,0.9637,0.9166,1.0796,31.2,88
1378,13514,13.01.39,5,TELOR-1,LAYAK,1.0284,0.8853,0.8515,0.9794,31.2,88.2
1379,13918,13.01.39,5,TELOR-1,LAYAK,1.1326,0.9637,0.9154,1.0737,31.2,88.2
1380,14328,13.01.40,5,TELOR-1,LAYAK,1.035,0.8834,0.8492,1.0021,31.2,88.2
1381,14943,13.01.40,5,TELOR-1,LAYAK,1.0276,0.8917,0.8531,1.0021,31.2,88.2
1382,15364,13.01.41,5,TELOR-1,LAYAK,1.0366,0.8827,0.8504,1.0013,31.2,88.2
1383,15967,13.01.41,5,TELOR-1,LAYAK,1.0227,0.8949,0.8565,1.0021,31.2,88.2
1384,16582,13.01.42,5,TELOR-1,LAYAK,1.0259,0.8866,0.8542,0.9929,31.2,88.3
1385,16991,13.01.42,5,TELOR-1,LAYAK,1.0259,0.8866,0.8542,0.9929,31.2,88.3
1386,17400,13.01.43,5,TELOR-1,LAYAK,1.1345,0.9753,0.9305,1.1012,31.2,88.3
1387,18027,13.01.43,5,TELOR-1,LAYAK,1.0399,0.877,0.8334,0.9892,31.2,88.3
1388,18443,13.01.44,5,TELOR-1,LAYAK,1.1478,1.0058,0.9496,1.128,31.2,88.3
1389,19046,13.01.44,5,TELOR-1,LAYAK,1.1177,0.968,0.9238,1.0908,31.2,88.1
1390,19653,13.01.45,5,TELOR-1,LAYAK,1.0251,0.8949,0.8515,0.9802,31.2,88.1
1391,20070,13.01.45,5,TELOR-1,LAYAK,1.0317,0.8956,0.8553,0.9944,31.2,88.1
1392,20677,13.01.46,5,TELOR-1,LAYAK,1.0211,0.8956,0.8565,1.0021,31.2,88.1
1393,21087,13.01.46,5,TELOR-1,LAYAK,1.0424,0.8943,0.8465,0.9899,31.2,87
1394,21709,13.01.47,5,TELOR-1,LAYAK,1.0268,0.8956,0.857,0.9967,31.2,87
1395,22111,13.01.47,5,TELOR-1,LAYAK,1.0441,0.8847,0.8504,0.978,31.2,87
1396,22725,13.01.48,5,TELOR-1,LAYAK,1.0276,0.8949,0.8531,0.9847,31.2,87
1397,23146,13.01.48,5,TELOR-1,LAYAK,1.0268,0.8936,0.8504,0.9967,31.2,87
1398,23758,13.01.49,5,TELOR-1,LAYAK,1.0407,0.8777,0.8405,0.978,31.2,86.6
1399,24365,13.01.50,5,TELOR-1,LAYAK,1.0276,0.8924,0.852,0.9787,31.2,86.6
1400,24372,13.01.50,5,TELOR-1,LAYAK,1.0276,0.8924,0.852,0.9787,31.2,86.6
1401,24978,13.01.50,5,TELOR-1,LAYAK,1.0203,0.8962,0.8576,1.0021,31.2,86.6
1402,25389,13.01.51,5,TELOR-1,LAYAK,1.1392,0.9645,0.9299,1.1065,31.2,86.6
1403,26014,13.01.51,5,TELOR-1,LAYAK,1.0399,0.8853,0.8383,0.9899,31.2,86.5
1404,26412,13.01.52,5,TELOR-1,LAYAK,1.1345,0.9885,0.9305,1.0796,31.2,86.5
1405,26833,13.01.52,5,TELOR-1,LAYAK,1.0399,0.8853,0.8361,0.9757,31.2,86.5
1406,27436,13.01.53,5,TELOR-1,LAYAK,1.0399,0.9015,0.8399,0.9877,31.2,86.5
1407,27846,13.01.53,5,TELOR-1,LAYAK,1.0195,0.9021,0.8509,1.0005,31.2,86.5
1408,28460,13.01.54,5,TELOR-1,LAYAK,1.0399,0.8821,0.834,0.9847,31.2,86.5
1409,29074,13.01.54,5,TELOR-1,LAYAK,1.0416,0.8975,0.8509,0.9847,31.2,86.6
1410,29507,13.01.55,5,TELOR-1,LAYAK,1.0416,0.8975,0.8509,0.9847,31.2,86.6
1411,29894,13.01.55,5,TELOR-1,LAYAK,1.1401,0.976,0.928,1.0899,31.2,86.6
1412,30508,13.01.56,5,TELOR-1,LAYAK,1.0374,0.8815,0.8399,0.9892,31.2,86.6
1413,31123,13.01.56,5,TELOR-1,LAYAK,1.0227,0.8975,0.8498,1.0005,31.2,86.7
1414,31532,13.01.57,5,TELOR-1,LAYAK,1.0227,0.8975,0.8498,1.0005,31.2,86.7
1415,31942,13.01.57,5,TELOR-1,LAYAK,1.1401,1.002,0.9503,1.1092,31.2,86.7
1416,32351,13.01.58,5,TELOR-1,LAYAK,1.0366,0.8853,0.8399,0.9914,31.2,86.7
1417,32966,13.01.58,5,TELOR-1,LAYAK,1.0325,0.8988,0.8515,0.9735,31.2,86.7
1418,33375,13.01.59,5,TELOR-1,LAYAK,1.0399,0.8936,0.8504,0.9787,31.2,86.7
1419,33990,13.01.59,5,TELOR-1,LAYAK,1.0292,0.8949,0.8487,0.9975,31.2,87
1420,34605,13.02.00,5,TELOR-1,LAYAK,1.0407,0.8962,0.8504,0.9817,31.2,87
1421,35014,13.02.00,5,TELOR-1,LAYAK,1.0407,0.8962,0.8504,0.9817,31.2,87
1422,35424,13.02.01,5,TELOR-1,LAYAK,1.1382,0.9767,0.9202,1.0848,31.2,87
1423,35833,13.02.01,5,TELOR-1,LAYAK,1.0374,0.8796,0.8329,0.9832,31.2,87
1424,36447,13.02.02,5,TELOR-1,LAYAK,1.1354,0.968,0.9214,1.0788,31.2,87.3
1425,36864,13.02.02,5,TELOR-1,LAYAK,1.0171,0.9001,0.852,0.9975,31.2,87.3
1426,37472,13.02.03,5,TELOR-1,LAYAK,1.0292,0.8956,0.8476,0.9847,31.2,87.3
1427,38086,13.02.03,5,TELOR-1,LAYAK,1.0235,0.8815,0.8367,0.9794,31.2,87.3
1428,38496,13.02.04,5,TELOR-1,LAYAK,1.0235,0.8815,0.8367,0.9794,31.2,87.3
1429,38913,13.02.04,5,TELOR-1,LAYAK,1.1288,0.968,0.9202,1.0703,31.2,87.6
1430,39520,13.02.05,5,TELOR-1,LAYAK,1.0317,0.8988,0.8504,0.9907,31.2,87.6
1431,39930,13.02.05,5,TELOR-1,LAYAK,1.1288,0.9746,0.9232,1.0891,31.2,87.6
1432,40544,13.02.06,5,TELOR-1,LAYAK,1.1186,0.9833,0.928,1.0873,31.2,87.6
1433,40955,13.02.06,5,TELOR-1,LAYAK,1.1186,0.9833,0.928,1.0873,31.2,87.6
1434,41363,13.02.07,5,TELOR-1,LAYAK,1.0341,0.8904,0.8388,0.9922,31.2,87.6
1435,41978,13.02.07,5,TELOR-1,LAYAK,1.0251,0.9034,0.8531,0.9952,31.2,87.6
1436,42592,13.02.08,5,TELOR-1,LAYAK,1.0276,0.8834,0.8377,0.9706,31.2,87.6
1437,43002,13.02.08,5,TELOR-1,LAYAK,1.0276,0.8834,0.8377,0.9706,31.2,87.6
1438,43411,13.02.09,5,TELOR-1,LAYAK,1.1251,0.9695,0.919,1.0805,31.2,87.6
1439,43837,13.02.09,5,TELOR-1,LAYAK,1.0325,0.8859,0.835,0.9854,31.2,87.6
1440,44435,13.02.10,5,TELOR-1,LAYAK,1.0259,0.8924,0.8498,0.9743,31.2,87.6
1441,44845,13.02.10,5,TELOR-1,LAYAK,1.0211,0.9015,0.8504,1.0013,31.2,87.6
1442,45459,13.02.11,5,TELOR-1,LAYAK,1.035,0.8956,0.8399,0.9817,31.2,87.6
1443,45874,13.02.11,5,TELOR-1,LAYAK,1.0179,0.9008,0.8531,0.9937,31.2,87.6
1444,46483,13.02.12,5,TELOR-1,LAYAK,1.0179,0.9008,0.8504,0.9967,31.2,87.4
1445,46893,13.02.12,5,TELOR-1,LAYAK,1.1298,0.9782,0.9214,1.0848,31.2,87.4
1446,47507,13.02.13,5,TELOR-1,LAYAK,1.0171,0.9001,0.8504,0.999,31.2,87.4
1447,47917,13.02.13,5,TELOR-1,LAYAK,1.1326,0.976,0.9262,1.0839,31.2,87.4
1448,48531,13.02.14,5,TELOR-1,LAYAK,1.0292,0.8879,0.8454,0.9967,31.2,87.2
1449,48942,13.02.14,5,TELOR-1,LAYAK,1.1545,0.99,0.9342,1.1083,31.2,87.2
1450,49351,13.02.15,5,TELOR-1,LAYAK,1.0243,0.8872,0.8421,0.9952,31.2,87.2
1451,49969,13.02.15,5,TELOR-1,LAYAK,1.0276,0.8885,0.8476,0.9669,31.2,87.2
1452,50375,13.02.16,5,TELOR-1,LAYAK,1.1288,0.9637,0.9112,1.0848,31.2,87.2
1453,50990,13.02.16,5,TELOR-1,LAYAK,1.0155,0.8956,0.8504,0.9922,31.2,87.2
1454,51408,13.02.17,5,TELOR-1,LAYAK,1.1214,0.9731,0.9202,1.0788,31.2,86.8
1455,52015,13.02.17,5,TELOR-1,LAYAK,1.0268,0.9015,0.8542,0.9907,31.2,86.8
1456,52423,13.02.18,5,TELOR-1,LAYAK,1.127,0.9695,0.9208,1.0831,31.2,86.8
1457,53037,13.02.18,5,TELOR-1,LAYAK,1.0399,0.8834,0.841,0.9735,31.2,86.8
1458,53447,13.02.19,5,TELOR-1,LAYAK,1.1242,1.018,0.9124,1.0805,31.2,86.8
1459,54065,13.02.19,5,TELOR-1,LAYAK,1.0276,0.8827,0.8329,0.9787,31.3,86.6
1460,54676,13.02.20,5,TELOR-1,LAYAK,1.0366,0.8815,0.8334,0.9817,31.3,86.6
1461,55086,13.02.20,5,TELOR-1,LAYAK,1.0138,0.8969,0.8487,0.9802,31.3,86.6
1462,55700,13.02.21,5,TELOR-1,LAYAK,1.0383,0.8783,0.8383,0.9802,31.3,86.6
1463,56110,13.02.22,5,TELOR-1,LAYAK,1.0268,0.8988,0.8504,0.9975,31.2,86.7
1464,56724,13.02.22,5,TELOR-1,LAYAK,1.03,0.8962,0.847,0.9975,31.2,86.7
1465,57137,13.02.22,5,TELOR-1,LAYAK,1.0276,0.8988,0.8509,0.9884,31.2,86.7
1466,57543,13.02.23,5,TELOR-1,LAYAK,1.0276,0.8988,0.8509,0.9884,31.2,86.7
1467,57953,13.02.23,5,TELOR-1,LAYAK,1.2674,1.0058,0.9496,1.1642,31.2,86.7
1468,58362,13.02.24,5,TELOR-1,LAYAK,1.0292,0.8995,0.8515,0.9877,31.2,86.7
1469,58995,13.02.24,5,TELOR-1,LAYAK,1.0243,0.8949,0.8515,0.9862,31.3,86.8
1470,59386,13.02.25,5,TELOR-1,LAYAK,1.1214,0.9731,0.9226,1.0678,31.3,86.8
1471,60001,13.02.25,5,TELOR-1,LAYAK,1.0276,0.8988,0.852,0.9914,31.3,86.8
1472,60615,13.02.26,5,TELOR-1,LAYAK,1.0333,0.8911,0.8498,0.9772,31.3,86.8
1473,61036,13.02.26,5,TELOR-1,LAYAK,1.0333,0.8911,0.8498,0.9772,31.2,87.1
1474,61436,13.02.27,5,TELOR-1,LAYAK,1.126,0.9702,0.9244,1.0745,31.2,87.1
1475,61844,13.02.27,5,TELOR-1,LAYAK,1.0325,0.8802,0.8421,0.9854,31.2,87.1
1476,62458,13.02.28,5,TELOR-1,LAYAK,1.0138,0.8988,0.8504,0.9975,31.2,87.1
1477,62868,13.02.28,5,TELOR-1,LAYAK,1.0317,0.8949,0.8476,0.978,31.2,87.1
1478,63485,13.02.29,5,TELOR-1,LAYAK,1.0308,0.8834,0.8399,0.9899,31.2,87.1
1479,63895,13.02.29,5,TELOR-1,LAYAK,1.1251,0.9731,0.9287,1.1004,31.3,87.3
1480,64507,13.02.30,5,TELOR-1,LAYAK,1.0171,0.8943,0.8465,0.9832,31.3,87.3
1481,64916,13.02.30,5,TELOR-1,LAYAK,1.126,0.9673,0.9118,1.0796,31.3,87.3
1482,65531,13.02.31,5,TELOR-1,LAYAK,1.0146,0.9021,0.8537,0.9967,31.3,87.3
1483,65942,13.02.31,5,TELOR-1,LAYAK,1.126,0.9767,0.9238,1.0771,31.3,87.3
1484,66555,13.02.32,5,TELOR-1,LAYAK,1.1326,0.976,0.9262,1.0925,31.3,87.2
1485,66966,13.02.32,5,TELOR-1,LAYAK,1.1326,0.976,0.9262,1.0925,31.3,87.2
1486,67375,13.02.33,5,TELOR-1,LAYAK,1.0268,0.8924,0.8487,0.999,31.3,87.2
1487,67995,13.02.33,5,TELOR-1,LAYAK,1.0179,0.8949,0.8504,0.999,31.3,87.2
1488,68398,13.02.34,5,TELOR-1,LAYAK,1.1232,0.9659,0.9178,1.0986,31.3,87.2
1489,69015,13.02.34,5,TELOR-1,LAYAK,1.0227,0.8917,0.8504,0.9967,31.3,87.2
1490,69422,13.02.35,5,TELOR-1,LAYAK,1.1251,0.9688,0.9256,1.0848,31.3,87.2
1491,69833,13.02.35,5,TELOR-1,LAYAK,1.035,0.8745,0.8399,0.9735,31.3,87.2
1492,70446,13.02.36,5,TELOR-1,LAYAK,1.0138,0.8975,0.8515,0.9982,31.3,87.2
1493,70855,13.02.36,5,TELOR-1,LAYAK,1.0358,0.884,0.847,0.9735,31.3,87.2
1494,71471,13.02.37,5,TELOR-1,LAYAK,1.0308,0.8924,0.8399,0.9787,31.2,87.1
1495,72085,13.02.37,5,TELOR-1,LAYAK,1.0179,0.8879,0.8504,0.9854,31.2,87.1
1496,72494,13.02.38,5,TELOR-1,LAYAK,1.0179,0.8879,0.8504,0.9854,31.2,87.1
1497,72904,13.02.38,5,TELOR-1,LAYAK,1.1251,0.968,0.9208,1.0813,31.2,87.1
1498,73518,13.02.39,5,TELOR-1,LAYAK,1.0284,0.8911,0.8537,0.9892,31.2,86.4
1499,74133,13.02.39,5,TELOR-1,LAYAK,1.0195,0.8815,0.8509,0.996,31.2,86.4
1500,74542,13.02.40,5,TELOR-1,LAYAK,1.0195,0.8815,0.8509,0.996,31.2,86.4
1501,74952,13.02.40,5,TELOR-1,LAYAK,1.1439,0.9826,0.9416,1.2243,31.2,86.4
1502,75361,13.02.41,5,TELOR-1,LAYAK,1.0341,0.877,0.8432,0.9728,31.2,86.4
1503,75976,13.02.41,5,TELOR-1,LAYAK,1.0284,0.872,0.8356,0.9765,31.2,86.4
1504,76387,13.02.42,5,TELOR-1,LAYAK,1.0227,0.8808,0.8345,0.9877,31.3,85.8
1505,77004,13.02.42,5,TELOR-1,LAYAK,1.0276,0.893,0.8515,0.9854,31.3,85.8
1506,77410,13.02.43,5,TELOR-1,LAYAK,1.1288,0.963,0.925,1.0839,31.3,85.8
1507,78024,13.02.43,5,TELOR-1,LAYAK,1.0284,0.8733,0.8345,0.9809,31.3,85.8
1508,78639,13.02.44,5,TELOR-1,LAYAK,1.0333,0.893,0.8531,0.9892,31.2,85.5
1509,79459,13.02.45,5,TELOR-1,LAYAK,1.0099,0.8924,0.8531,0.9975,31.2,85.5
1510,79466,13.02.45,5,TELOR-1,LAYAK,1.0099,0.8924,0.8531,0.9975,31.2,85.5
1511,79867,13.02.45,5,TELOR-1,LAYAK,1.0211,0.8847,0.8504,0.978,31.2,85.5
1512,80687,13.02.46,5,TELOR-1,LAYAK,1.0211,0.8815,0.8487,0.9698,31.2,85.5
1513,81098,13.02.46,5,TELOR-1,LAYAK,1.0259,0.8802,0.8421,0.9907,31.2,85.5
1514,81710,13.02.47,5,TELOR-1,LAYAK,1.0243,0.8834,0.8465,0.9944,31.2,85.5
1515,82120,13.02.47,5,TELOR-1,LAYAK,1.0187,0.8847,0.8504,0.978,31.2,85.5
1516,82735,13.02.48,5,TELOR-1,LAYAK,1.0211,0.8924,0.8542,0.9944,31.2,85.5
1517,83153,13.02.49,5,TELOR-1,LAYAK,1.0123,0.8904,0.8542,0.9967,31.2,85.5
1518,83759,13.02.49,5,TELOR-1,LAYAK,1.0516,0.8872,0.8553,0.9975,31.3,84.7
1519,84578,13.02.50,5,TELOR-1,LAYAK,1.0123,0.8714,0.8421,0.9892,31.3,84.7
1520,85192,13.02.51,5,TELOR-1,LAYAK,1.0138,0.8714,0.834,0.9824,31.3,84.7
1521,85819,13.02.51,5,TELOR-1,LAYAK,1.0211,0.884,0.8531,0.978,31.3,84.7
1522,85826,13.02.51,5,TELOR-1,LAYAK,1.0211,0.884,0.8531,0.978,31.3,84.7
1523,86626,13.02.52,5,TELOR-1,LAYAK,1.0211,0.8796,0.8421,0.9832,31.3,84.5
1524,87036,13.02.52,5,TELOR-1,LAYAK,1.0211,0.8796,0.8421,0.9832,31.3,84.5
1525,87445,13.02.53,5,TELOR-1,LAYAK,1.1214,0.9531,0.922,1.0788,31.3,84.5
1526,87855,13.02.53,5,TELOR-1,LAYAK,1.0163,0.8911,0.8553,0.9937,31.3,84.5
1527,88470,13.02.54,5,TELOR-1,LAYAK,1.0251,0.8745,0.8421,0.9824,31.3,84.5
1528,89090,13.02.54,5,TELOR-1,LAYAK,1.0146,0.8834,0.8476,0.9884,31.3,84.5
1529,89495,13.02.55,5,TELOR-1,LAYAK,1.0146,0.8834,0.8476,0.9884,31.3,84.5
1530,89903,13.02.55,5,TELOR-1,LAYAK,1.1159,0.968,0.9299,1.0908,31.3,84.5
1531,90517,13.02.56,5,TELOR-1,LAYAK,1.0195,0.8898,0.8565,0.9892,31.3,84.5
1532,91136,13.02.56,5,TELOR-1,LAYAK,1.0317,0.8859,0.8531,0.9854,31.2,84.4
1533,91544,13.02.57,5,TELOR-1,LAYAK,1.0317,0.8859,0.8531,0.9854,31.2,84.4
1534,91953,13.02.57,5,TELOR-1,LAYAK,1.1478,0.9789,0.9416,1.0986,31.2,84.4
1535,92566,13.02.58,5,TELOR-1,LAYAK,1.0138,0.8714,0.841,0.9824,31.2,84.4
1536,92984,13.02.58,5,TELOR-1,LAYAK,1.0138,0.8714,0.841,0.9824,31.2,84.4
1537,93385,13.02.59,5,TELOR-1,LAYAK,1.0195,0.8796,0.8504,0.9765,31.2,84.4
1538,93999,13.02.59,5,TELOR-1,LAYAK,1.0251,0.8745,0.8427,0.9929,31.3,84.4
1539,94614,13.03.00,5,TELOR-1,LAYAK,1.0292,0.8815,0.8509,0.9757,31.3,84.4
1540,95023,13.03.00,5,TELOR-1,LAYAK,1.0292,0.8815,0.8509,0.9757,31.3,84.4
1541,95433,13.03.01,5,TELOR-1,LAYAK,1.1232,0.9559,0.9238,1.0762,31.3,84.4
1542,95842,13.03.01,5,TELOR-1,LAYAK,1.0284,0.8689,0.835,0.9832,31.3,84.4
1543,96457,13.03.02,5,TELOR-1,LAYAK,1.0131,0.8834,0.8537,0.975,31.3,84.7
1544,97071,13.03.02,5,TELOR-1,LAYAK,1.0146,0.8714,0.8394,0.9757,31.3,84.7
1545,97686,13.03.03,5,TELOR-1,LAYAK,1.0276,0.8777,0.8476,0.9839,31.3,84.7
1546,98103,13.03.03,5,TELOR-1,LAYAK,1.0187,0.8847,0.8509,0.9907,31.3,84.7
1547,98710,13.03.04,5,TELOR-1,LAYAK,1.0227,0.8796,0.8553,0.9899,31.3,84.7
1548,99120,13.03.04,5,TELOR-1,LAYAK,1.0227,0.8808,0.8481,0.9952,31.3,84.7
1549,99530,13.03.05,5,TELOR-1,LAYAK,1.0227,0.8808,0.8481,0.9952,31.3,84.7
1550,99939,13.03.05,5,TELOR-1,LAYAK,1.1186,0.9587,0.9244,1.0779,31.3,84.7
1551,100348,13.03.06,5,TELOR-1,LAYAK,1.0308,0.8821,0.8515,0.978,31.3,84.7
1552,100974,13.03.06,5,TELOR-1,LAYAK,1.0211,0.8891,0.8559,0.9944,31.3,84.7
1553,101372,13.03.07,5,TELOR-1,LAYAK,1.0259,0.8751,0.8465,0.9847,31.3,84.5
1554,101995,13.03.07,5,TELOR-1,LAYAK,1.0227,0.8796,0.8565,0.9824,31.3,84.5
1555,102397,13.03.08,5,TELOR-1,LAYAK,1.1279,0.9616,0.925,1.067,31.3,84.5
1556,103022,13.03.08,5,TELOR-1,LAYAK,1.0284,0.8815,0.8504,0.9832,31.3,84.5
1557,103421,13.03.09,5,TELOR-1,LAYAK,1.1113,0.9587,0.925,1.1012,31.3,84.5
1558,104035,13.03.09,5,TELOR-1,LAYAK,1.0179,0.8815,0.8443,0.9937,31.3,84.5
1559,104444,13.03.10,5,TELOR-1,LAYAK,1.1013,0.968,0.9299,1.1004,31.3,84.5
1560,105058,13.03.10,5,TELOR-1,LAYAK,1.0292,0.8879,0.8682,1.0013,31.3,84.5
1561,105469,13.03.11,5,TELOR-1,LAYAK,1.0292,0.8879,0.8682,1.0013,31.3,84.5
1562,105882,13.03.11,5,TELOR-1,LAYAK,1.0099,0.8872,0.8531,0.9975,31.3,84.5
1563,106492,13.03.12,5,TELOR-1,LAYAK,1.0155,0.884,0.8553,0.9677,31.3,84.8
1564,107107,13.03.12,5,TELOR-1,LAYAK,1.0227,0.8859,0.852,0.9944,31.3,84.8
1565,107525,13.03.13,5,TELOR-1,LAYAK,1.0227,0.8859,0.852,0.9944,31.3,84.8
1566,107934,13.03.13,5,TELOR-1,LAYAK,1.1242,0.968,0.928,1.0796,31.3,84.8
1567,108341,13.03.14,5,TELOR-1,LAYAK,1.0195,0.8834,0.8509,0.9967,31.3,84.8
1568,108950,13.03.14,5,TELOR-1,LAYAK,1.0203,0.8808,0.8515,0.978,31.3,85
1569,109565,13.03.15,5,TELOR-1,LAYAK,1.0292,0.8879,0.8553,0.9847,31.3,85
1570,109974,13.03.15,5,TELOR-1,LAYAK,1.0292,0.8879,0.8553,0.9847,31.3,85
1571,110384,13.03.16,5,TELOR-1,LAYAK,1.0083,0.8885,0.8537,0.9854,31.3,85
1572,111014,13.03.16,5,TELOR-1,LAYAK,1.0243,0.8745,0.8427,0.9884,31.3,84.9
1573,111613,13.03.17,5,TELOR-1,LAYAK,1.0138,0.8859,0.852,0.999,31.3,84.9
1574,112022,13.03.17,5,TELOR-1,LAYAK,1.0138,0.8859,0.852,0.999,31.3,84.9
1575,112440,13.03.18,5,TELOR-1,LAYAK,1.1095,0.9688,0.9323,1.0986,31.3,84.9
1576,112842,13.03.18,5,TELOR-1,LAYAK,1.0243,0.8802,0.8559,0.9998,31.3,84.9
1577,113457,13.03.19,5,TELOR-1,LAYAK,1.0179,0.8872,0.8553,0.9794,31.3,84.9
1578,113866,13.03.19,5,TELOR-1,LAYAK,1.0251,0.8708,0.8367,0.9832,31.3,85
1579,114480,13.03.20,5,TELOR-1,LAYAK,1.0179,0.8802,0.8504,0.9869,31.3,85
1580,114905,13.03.20,5,TELOR-1,LAYAK,1.002,0.8853,0.8454,0.9892,31.3,85
1581,115504,13.03.21,5,TELOR-1,LAYAK,1.0155,0.8821,0.8504,0.9967,31.3,85
1582,115915,13.03.21,5,TELOR-1,LAYAK,1.1177,0.9645,0.9202,1.0712,31.3,85
1583,116528,13.03.22,5,TELOR-1,LAYAK,1.0259,0.8708,0.8383,0.9884,31.3,84.6
1584,116938,13.03.22,5,TELOR-1,LAYAK,1.126,0.9609,0.9274,1.0737,31.3,84.6
1585,117349,13.03.23,5,TELOR-1,LAYAK,1.0146,0.8834,0.8504,0.978,31.3,84.6
1586,117962,13.03.23,5,TELOR-1,LAYAK,1.0219,0.8714,0.8377,0.9847,31.3,84.6
1587,118373,13.03.24,5,TELOR-1,LAYAK,1.0243,0.8714,0.8394,0.9884,31.3,84.6
1588,118986,13.03.24,5,TELOR-1,LAYAK,1.0195,0.8815,0.8492,0.9907,31.3,84.4
1589,119600,13.03.25,5,TELOR-1,LAYAK,1.0163,0.8714,0.8421,0.9772,31.3,84.4
1590,120010,13.03.25,5,TELOR-1,LAYAK,1.0163,0.8714,0.8421,0.9772,31.3,84.4
1591,120421,13.03.26,5,TELOR-1,LAYAK,1.1013,0.9702,0.9335,1.0977,31.3,84.4
1592,120829,13.03.26,5,TELOR-1,LAYAK,1.0251,0.8714,0.841,0.9772,31.3,84.4
1593,121444,13.03.27,5,TELOR-1,LAYAK,1.0211,0.884,0.8542,0.9847,31.3,84.3
1594,121853,13.03.27,5,TELOR-1,LAYAK,1.0187,0.8827,0.8504,0.9944,31.3,84.3
1595,122468,13.03.28,5,TELOR-1,LAYAK,1.1159,0.9652,0.9299,1.0839,31.3,84.3
1596,123082,13.03.28,5,TELOR-1,LAYAK,1.0259,0.8827,0.8531,0.978,31.3,84.3
1597,123492,13.03.29,5,TELOR-1,LAYAK,1.0259,0.8827,0.8531,0.978,31.3,84.3
1598,123909,13.03.29,5,TELOR-1,LAYAK,1.1095,0.9702,0.9238,1.0951,31.3,84.4
1599,124516,13.03.30,5,TELOR-1,LAYAK,1.0219,0.8733,0.8405,0.9907,31.3,84.4
1600,124926,13.03.30,5,TELOR-1,LAYAK,1.114,0.9645,0.9299,1.0831,31.3,84.4
1601,125335,13.03.31,5,TELOR-1,LAYAK,1.0251,0.8815,0.8509,0.9802,31.3,84.4
1602,125954,13.03.31,5,TELOR-1,LAYAK,1.0219,0.8872,0.8515,0.9817,31.3,84.4
1603,126359,13.03.32,5,TELOR-1,LAYAK,1.0276,0.8815,0.8504,0.9706,31.3,84.9
1604,126974,13.03.32,5,TELOR-1,LAYAK,1.0243,0.8777,0.8454,0.9691,31.3,84.9
1605,127384,13.03.33,5,TELOR-1,LAYAK,1.0268,0.8834,0.8509,0.978,31.3,84.9
1606,127997,13.03.33,5,TELOR-1,LAYAK,1.0187,0.8815,0.8481,0.9929,31.3,84.9
1607,128418,13.03.34,5,TELOR-1,LAYAK,1.1195,0.958,0.9154,1.0737,31.3,84.9
1608,129022,13.03.34,5,TELOR-1,LAYAK,1.0163,0.8827,0.8504,0.9824,31.3,85.5
1609,129431,13.03.35,5,TELOR-1,LAYAK,1.1223,0.9702,0.9299,1.0822,31.3,85.5
1610,129848,13.03.35,5,TELOR-1,LAYAK,1.0115,0.8949,0.8565,0.9982,31.3,85.5
1611,130455,13.03.36,5,TELOR-1,LAYAK,1.0146,0.8879,0.8537,0.978,31.3,85.5
1612,130865,13.03.36,5,TELOR-1,LAYAK,1.0035,0.8924,0.8576,0.9998,31.3,85.5
1613,131480,13.03.37,5,TELOR-1,LAYAK,1.0219,0.8859,0.8537,0.9743,31.3,85.8
1614,131889,13.03.37,5,TELOR-1,LAYAK,1.0187,0.877,0.8492,0.9854,31.3,85.8
1615,132504,13.03.38,5,TELOR-1,LAYAK,1.0219,0.8911,0.8492,0.9922,31.3,85.8
1616,132913,13.03.38,5,TELOR-1,LAYAK,1.0995,0.976,0.9299,1.0848,31.3,85.8
1617,133527,13.03.39,5,TELOR-1,LAYAK,1.0219,0.8726,0.8383,0.9794,31.3,85.8
1618,133938,13.03.39,5,TELOR-1,LAYAK,1.1232,0.9652,0.9268,1.0805,31.3,85.8
1619,134552,13.03.40,5,TELOR-1,LAYAK,1.1363,1.0642,0.9287,1.096,31.3,85.8
1620,134961,13.03.40,5,TELOR-1,LAYAK,1.1363,1.0642,0.9287,1.096,31.3,85.8
1621,135371,13.03.41,5,TELOR-1,LAYAK,1.0163,0.8879,0.852,0.9967,31.3,85.8
1622,135987,13.03.41,5,TELOR-1,LAYAK,1.0227,0.8853,0.8481,0.9802,31.3,85.8
1623,136600,13.03.42,5,TELOR-1,LAYAK,1.0251,0.8859,0.8548,0.978,31.3,86
1624,137214,13.03.43,5,TELOR-1,LAYAK,1.0138,0.8917,0.8576,0.9998,31.3,86
1625,137624,13.03.43,5,TELOR-1,LAYAK,1.0227,0.8834,0.8526,0.9832,31.3,86
1626,138238,13.03.44,5,TELOR-1,LAYAK,1.0187,0.8917,0.8592,0.9899,31.3,86
1627,138648,13.03.44,5,TELOR-1,LAYAK,1.0043,0.8962,0.8598,0.9952,31.3,85.9
1628,139262,13.03.45,5,TELOR-1,LAYAK,1.1168,0.9775,0.936,1.1012,31.3,85.9
1629,139672,13.03.45,5,TELOR-1,LAYAK,1.0146,0.8789,0.8421,0.9713,31.3,85.9
1630,140082,13.03.45,5,TELOR-1,LAYAK,1.0219,0.8745,0.8432,0.9854,31.3,85.9
1631,140492,13.03.46,5,TELOR-1,LAYAK,1.0219,0.8745,0.8432,0.9854,31.3,85.9
1632,140902,13.03.46,5,TELOR-1,LAYAK,1.1242,0.9695,0.9287,1.0796,31.3,85.9
1633,141516,13.03.47,5,TELOR-1,LAYAK,1.0059,0.8943,0.8587,0.9998,31.3,85.6
1634,141925,13.03.47,5,TELOR-1,LAYAK,1.1223,0.9559,0.9244,1.0848,31.3,85.6
1635,142539,13.03.48,5,TELOR-1,LAYAK,1.0131,0.8885,0.8553,0.9869,31.3,85.6
1636,142949,13.03.48,5,TELOR-1,LAYAK,1.1205,0.9616,0.9311,1.0882,31.3,85.6
1637,143565,13.03.49,5,TELOR-1,LAYAK,1.0284,0.893,0.8587,0.9922,31.3,85.2
1638,400,13.10.48,6,MIE-1,LAYAK,1.1921,1.216,1.0862,1.3797,31.1,85.4
1639,1015,13.10.48,6,MIE-1,LAYAK,1.0155,1.0336,0.944,1.0415,31.1,85.4
1640,1424,13.10.49,6,MIE-1,LAYAK,1.1516,1.1772,1.0567,1.2121,31.1,85.4
1641,2039,13.10.49,6,MIE-1,LAYAK,1.0155,1.0408,0.9459,1.0537,31.1,85.6
1642,2653,13.10.50,6,MIE-1,LAYAK,1.0138,1.0297,0.9434,1.0471,31.1,85.6
1643,3063,13.10.50,6,MIE-1,LAYAK,1.1574,1.1791,1.0517,1.2141,31.1,85.6
1644,3678,13.10.51,6,MIE-1,LAYAK,1.0083,1.0408,0.9453,1.0529,31.1,85.6
1645,4087,13.10.51,6,MIE-1,LAYAK,1.0146,1.0328,0.9428,1.0537,31.1,85.4
1646,4702,13.10.52,6,MIE-1,LAYAK,1.0171,1.0305,0.9403,1.0529,31.1,85.4
1647,5112,13.10.52,6,MIE-1,LAYAK,1.0163,1.0392,0.944,1.0512,31.1,85.4
1648,5725,13.10.53,6,MIE-1,LAYAK,1.0243,1.036,0.944,1.0423,31.1,85.4
1649,6135,13.10.53,6,MIE-1,LAYAK,1.0163,1.0336,0.9378,1.0439,31.1,85.4
1650,6750,13.10.54,6,MIE-1,LAYAK,1.0155,1.032,0.9397,1.0358,31.1,85.4
1651,7365,13.10.55,6,MIE-1,LAYAK,1.0083,1.04,0.9342,1.0439,31.1,85.4
1652,7372,13.10.55,6,MIE-1,LAYAK,1.0083,1.04,0.9342,1.0439,31.1,85.4
1653,7978,13.10.55,6,MIE-1,LAYAK,1.0146,1.0336,0.9385,1.0406,31.1,85.4
1654,8388,13.10.56,6,MIE-1,LAYAK,1.0138,1.0242,0.9342,1.0529,31.1,85.4
1655,9007,13.10.56,6,MIE-1,LAYAK,1.0099,1.0352,0.944,1.0537,31.1,85.4
1656,9413,13.10.57,6,MIE-1,LAYAK,1.1545,1.18,1.0617,1.2071,31,86
1657,10026,13.10.57,6,MIE-1,LAYAK,1.0219,1.036,0.944,1.0471,31,86
1658,10436,13.10.58,6,MIE-1,LAYAK,1.1671,1.1753,1.0574,1.1951,31,86
1659,11051,13.10.58,6,MIE-1,LAYAK,1.0219,1.0273,0.936,1.0342,31,86
1660,11475,13.10.59,6,MIE-1,LAYAK,1.1691,1.1715,1.0574,1.1893,31,86
1661,12075,13.10.59,6,MIE-1,LAYAK,1.0179,1.0352,0.944,1.0398,31.1,86.6
1662,12689,13.11.00,6,MIE-1,LAYAK,1.0195,1.0289,0.9372,1.0374,31.1,86.6
1663,13099,13.11.00,6,MIE-1,LAYAK,1.0179,1.0328,0.9446,1.0488,31.1,86.6
1664,13718,13.11.01,6,MIE-1,LAYAK,1.0067,1.04,0.944,1.0537,31.1,86.6
1665,14122,13.11.02,6,MIE-1,LAYAK,1.0035,1.0384,0.9434,1.057,31,86.8
1666,14737,13.11.02,6,MIE-1,LAYAK,1.0187,1.0336,0.9422,1.0455,31,86.8
1667,15148,13.11.02,6,MIE-1,LAYAK,1.0138,1.0408,0.944,1.0529,31,86.8
1668,15563,13.11.03,6,MIE-1,LAYAK,1.1516,1.1954,1.0825,1.263,31,86.8
1669,15974,13.11.03,6,MIE-1,LAYAK,1.1516,1.1954,1.0825,1.263,31,86.8
1670,16375,13.11.04,6,MIE-1,LAYAK,1.0051,1.0408,0.944,1.0578,31,86.8
1671,16990,13.11.04,6,MIE-1,LAYAK,1.0107,1.0196,0.936,1.052,31,86.7
1672,17605,13.11.05,6,MIE-1,LAYAK,1.0115,1.0297,0.9422,1.035,31,86.7
1673,18014,13.11.05,6,MIE-1,LAYAK,1.0115,1.0297,0.9422,1.035,31,86.7
1674,18424,13.11.06,6,MIE-1,LAYAK,1.1564,1.1734,1.0574,1.2061,31,86.7
1675,19050,13.11.06,6,MIE-1,LAYAK,1.0251,1.0384,0.944,1.0398,31,86.7
1676,19664,13.11.07,6,MIE-1,LAYAK,1.0115,1.025,0.9323,1.048,31,86.7
1677,20064,13.11.07,6,MIE-1,LAYAK,1.3037,1.22,1.0884,1.2294,31,86.7
1678,20677,13.11.08,6,MIE-1,LAYAK,1.0195,1.0352,0.9422,1.0406,31,86.7
1679,21086,13.11.08,6,MIE-1,LAYAK,1.0243,1.0313,0.9434,1.0406,31,86.7
1680,21497,13.11.09,6,MIE-1,LAYAK,1.0243,1.0313,0.9434,1.0406,31,86.7
1681,21906,13.11.09,6,MIE-1,LAYAK,1.189,1.2071,1.0789,1.3995,31,86.9
1682,22520,13.11.10,6,MIE-1,LAYAK,1.0187,1.036,0.9329,1.0439,31,86.9
1683,22934,13.11.10,6,MIE-1,LAYAK,1.1711,1.1791,1.0631,1.1961,31,86.9
1684,23544,13.11.11,6,MIE-1,LAYAK,1.0219,1.0289,0.9397,1.0447,31,86.9
1685,23961,13.11.11,6,MIE-1,LAYAK,1.1701,1.164,1.0539,1.2243,31,86.9
1686,24568,13.11.12,6,MIE-1,LAYAK,1.0243,1.0577,0.9635,1.0908,31,87.1
1687,24978,13.11.12,6,MIE-1,LAYAK,1.0243,1.0577,0.9635,1.0908,31,87.1
1688,25389,13.11.13,6,MIE-1,LAYAK,1.0131,1.0368,0.9385,1.0374,31,87.1
1689,26001,13.11.13,6,MIE-1,LAYAK,1.0083,1.0368,0.9428,1.048,31,87.1
1690,26411,13.11.14,6,MIE-1,LAYAK,1.1497,1.18,1.0609,1.2202,31,87.1
1691,27026,13.11.14,6,MIE-1,LAYAK,1.0155,1.0344,0.9378,1.048,31.1,87.2
1692,27645,13.11.15,6,MIE-1,LAYAK,1.0138,1.0352,0.944,1.0415,31.1,87.2
1693,28050,13.11.15,6,MIE-1,LAYAK,1.0138,1.0352,0.944,1.0415,31.1,87.2
1694,28459,13.11.16,6,MIE-1,LAYAK,1.1632,1.1762,1.0602,1.2091,31.1,87.2
1695,28869,13.11.16,6,MIE-1,LAYAK,1.0195,1.0368,0.944,1.0431,31.1,87.2
1696,29483,13.11.17,6,MIE-1,LAYAK,1.0155,1.0408,0.944,1.052,31,87.1
1697,29893,13.11.17,6,MIE-1,LAYAK,1.0099,1.0408,0.944,1.0529,31,87.1
1698,30508,13.11.18,6,MIE-1,LAYAK,1.0195,1.0196,0.9354,1.0529,31,87.1
1699,30917,13.11.18,6,MIE-1,LAYAK,1.1516,1.1791,1.0609,1.2131,31,87.1
1700,31535,13.11.19,6,MIE-1,LAYAK,1.0123,1.0352,0.9422,1.0553,31,86.7
1701,32146,13.11.19,6,MIE-1,LAYAK,1.0146,1.0281,0.9274,1.0447,31,86.7
1702,32760,13.11.20,6,MIE-1,LAYAK,1.0107,1.04,0.944,1.0529,31,86.7
1703,33170,13.11.20,6,MIE-1,LAYAK,1.0179,1.0352,0.9422,1.0406,31,86.7
1704,33580,13.11.21,6,MIE-1,LAYAK,1.0227,1.0196,0.9256,1.0358,31,86.7
1705,34197,13.11.22,6,MIE-1,LAYAK,1.002,1.04,0.9434,1.0545,31,85.6
1706,34808,13.11.22,6,MIE-1,LAYAK,1.0083,1.0289,0.9422,1.0488,31,85.6
1707,35220,13.11.22,6,MIE-1,LAYAK,1.0163,1.0196,0.9268,1.0488,31,85.6
1708,35628,13.11.23,6,MIE-1,LAYAK,1.0227,1.0328,0.9372,1.0358,31,85.6
1709,36244,13.11.23,6,MIE-1,LAYAK,1.0195,1.036,0.9434,1.0406,31,85.6
1710,36656,13.11.24,6,MIE-1,LAYAK,1.0059,1.0352,0.9403,1.0537,31,84.9
1711,37271,13.11.25,6,MIE-1,LAYAK,1.0163,1.0227,0.9268,1.0342,31,84.9
1712,37676,13.11.25,6,MIE-1,LAYAK,1.0146,1.0384,0.9434,1.0423,31,84.9
1713,38290,13.11.26,6,MIE-1,LAYAK,1.0138,1.0336,0.944,1.048,31,84.9
1714,38700,13.11.26,6,MIE-1,LAYAK,1.0179,1.0328,0.9416,1.0439,31,84.9
1715,39315,13.11.27,6,MIE-1,LAYAK,1.0131,1.0281,0.9378,1.0294,31,84.6
1716,39330,13.11.27,6,MIE-1,LAYAK,1.0131,1.0281,0.9378,1.0294,31,84.6
1717,39931,13.11.27,6,MIE-1,LAYAK,1.002,1.0384,0.9434,1.0504,31,84.6
1718,40338,13.11.28,6,MIE-1,LAYAK,1.0138,1.0289,0.9354,1.0455,31,84.6
1719,40955,13.11.28,6,MIE-1,LAYAK,1.0138,1.0281,0.9372,1.052,31,84.6
1720,41362,13.11.29,6,MIE-1,LAYAK,1.0083,1.0305,0.9378,1.039,31,84.6
1721,41977,13.11.29,6,MIE-1,LAYAK,1.1613,1.1734,1.0532,1.2051,31,84.5
1722,42386,13.11.30,6,MIE-1,LAYAK,1.0091,1.036,0.9422,1.048,31,84.5
1723,43002,13.11.30,6,MIE-1,LAYAK,1.0211,1.0157,0.9244,1.0358,31,84.5
1724,43615,13.11.31,6,MIE-1,LAYAK,1.0027,1.0157,0.9244,1.0439,31,84.5
1725,44025,13.11.31,6,MIE-1,LAYAK,1.0027,1.0157,0.9244,1.0439,31,84.5
1726,44435,13.11.32,6,MIE-1,LAYAK,1.1478,1.1753,1.0574,1.2081,31,84.8
1727,44865,13.11.32,6,MIE-1,LAYAK,1.0211,1.0196,0.9335,1.0504,31,84.8
1728,45459,13.11.33,6,MIE-1,LAYAK,1.0083,1.032,0.936,1.0496,31,84.8
1729,46078,13.11.33,6,MIE-1,LAYAK,1.0163,1.0352,0.9434,1.0423,31,84.8
1730,46483,13.11.34,6,MIE-1,LAYAK,1.0163,1.0352,0.9434,1.0423,31,84.8
1731,46892,13.11.34,6,MIE-1,LAYAK,1.1555,1.1678,1.0595,1.2071,31,85.3
1732,47515,13.11.35,6,MIE-1,LAYAK,1.0027,1.0227,0.9372,1.0406,31,85.3
1733,47922,13.11.35,6,MIE-1,LAYAK,1.1564,1.1678,1.0532,1.2021,31,85.3
1734,48531,13.11.36,6,MIE-1,LAYAK,1.0027,1.0203,0.9317,1.0382,31,85.3
1735,48941,13.11.36,6,MIE-1,LAYAK,1.142,1.1734,1.0595,1.2081,31,85.3
1736,49556,13.11.37,6,MIE-1,LAYAK,1.0131,1.0258,0.936,1.0382,31,85.5
1737,50169,13.11.37,6,MIE-1,LAYAK,1.002,1.0305,0.9348,1.052,31,85.5
1738,50579,13.11.38,6,MIE-1,LAYAK,1.0138,1.032,0.9397,1.0415,31,85.5
1739,50988,13.11.38,6,MIE-1,LAYAK,1.0138,1.032,0.9397,1.0415,31,85.5
1740,51398,13.11.39,6,MIE-1,LAYAK,1.0146,1.0305,0.9409,1.0406,31,85.5
1741,52013,13.11.39,6,MIE-1,LAYAK,1.0115,1.0297,0.9366,1.0423,31,85.5
1742,52422,13.11.40,6,MIE-1,LAYAK,1.1691,1.165,1.0489,1.1834,31,85.5
1743,53038,13.11.40,6,MIE-1,LAYAK,1.0091,1.036,0.9422,1.0496,31,85.5
1744,53446,13.11.41,6,MIE-1,LAYAK,1.1555,1.1659,1.0532,1.2041,31,85.5
1745,54062,13.11.41,6,MIE-1,LAYAK,1.0099,1.0266,0.9378,1.0488,31,85.4
1746,54470,13.11.42,6,MIE-1,LAYAK,1.184,1.2003,1.0847,1.2284,31,85.4
1747,54880,13.11.42,6,MIE-1,LAYAK,1.0138,1.0227,0.9244,1.0423,31,85.4
1748,55494,13.11.43,6,MIE-1,LAYAK,1.0012,1.0258,0.9397,1.0406,31,85.4
1749,55904,13.11.43,6,MIE-1,LAYAK,1.0138,1.0289,0.9348,1.039,31,85.4
1750,56518,13.11.44,6,MIE-1,LAYAK,1.0012,1.032,0.9385,1.052,31,85.4
1751,56928,13.11.44,6,MIE-1,LAYAK,1.1545,1.1791,1.0602,1.2021,31,85.2
1752,57542,13.11.45,6,MIE-1,LAYAK,1.0123,1.0281,0.9378,1.0423,31,85.2
1753,57952,13.11.45,6,MIE-1,LAYAK,1.1652,1.1668,1.051,1.1873,31,85.2
1754,58566,13.11.46,6,MIE-1,LAYAK,1.0123,1.0289,0.9409,1.0431,31,85.2
1755,58976,13.11.46,6,MIE-1,LAYAK,1.1584,1.2111,1.0767,1.2284,31,85.2
1756,59590,13.11.47,6,MIE-1,LAYAK,1.0155,1.0297,0.9397,1.0326,31,85.4
1757,59999,13.11.47,6,MIE-1,LAYAK,1.0155,1.0297,0.9397,1.0326,31,85.4
1758,60410,13.11.48,6,MIE-1,LAYAK,1.0012,1.032,0.9397,1.0504,31,85.4
1759,61024,13.11.48,6,MIE-1,LAYAK,1.0099,1.0211,0.936,1.0382,31,85.4
1760,61434,13.11.49,6,MIE-1,LAYAK,1.1449,1.1659,1.0461,1.1971,31,85.4
1761,62048,13.11.49,6,MIE-1,LAYAK,1.0138,1.0273,0.9342,1.0471,31,86.1
1762,62663,13.11.50,6,MIE-1,LAYAK,1.0179,1.0328,0.9397,1.0398,31,86.1
1763,63072,13.11.50,6,MIE-1,LAYAK,1.0179,1.0328,0.9397,1.0398,31,86.1
1764,63482,13.11.51,6,MIE-1,LAYAK,1.1701,1.2081,1.0869,1.1971,31,86.1
1765,63891,13.11.51,6,MIE-1,LAYAK,1.0138,1.0157,0.9214,1.0382,31,86.1
1766,64506,13.11.52,6,MIE-1,LAYAK,1.0083,1.036,0.925,1.0366,31,86.4
1767,64915,13.11.52,6,MIE-1,LAYAK,1.0131,1.0463,0.9354,1.0455,31,86.4
1768,65530,13.11.53,6,MIE-1,LAYAK,0.9996,1.0242,0.9409,1.0545,31,86.4
1769,66144,13.11.53,6,MIE-1,LAYAK,0.9957,1.0157,0.9342,1.0529,31,86.4
1770,66554,13.11.54,6,MIE-1,LAYAK,0.9957,1.0157,0.9342,1.0529,31,86.5
1771,66964,13.11.54,6,MIE-1,LAYAK,1.1382,1.165,1.0447,1.2001,31,86.5
1772,67374,13.11.55,6,MIE-1,LAYAK,1.0059,1.0188,0.9329,1.0512,31,86.5
1773,67987,13.11.55,6,MIE-1,LAYAK,0.9957,1.0242,0.9434,1.0529,31,86.5
1774,68397,13.11.56,6,MIE-1,LAYAK,1.0146,1.0073,0.9244,1.0406,31,86.5
1775,69012,13.11.56,6,MIE-1,LAYAK,1.002,1.0219,0.9403,1.0529,31,86.5
1776,69421,13.11.57,6,MIE-1,LAYAK,1.1545,1.1603,1.0645,1.2041,31,86.5
1777,70036,13.11.57,6,MIE-1,LAYAK,1.0115,1.0273,0.9446,1.0488,31,86.5
1778,70445,13.11.58,6,MIE-1,LAYAK,1.1555,1.1584,1.0588,1.2111,31,86.5
1779,71060,13.11.58,6,MIE-1,LAYAK,1.0004,1.0242,0.944,1.0439,31,86.5
1780,71674,13.11.59,6,MIE-1,LAYAK,1.0138,1.0242,0.9453,1.0537,31,85.8
1781,72084,13.11.59,6,MIE-1,LAYAK,1.1593,1.1659,1.0695,1.2021,31,85.8
1782,72494,13.12.00,6,MIE-1,LAYAK,1.1593,1.1659,1.0695,1.2021,31,85.8
1783,72903,13.12.00,6,MIE-1,LAYAK,1.0138,1.0111,0.9274,1.0447,31,85.8
1784,73518,13.12.01,6,MIE-1,LAYAK,1.0123,1.0203,0.9378,1.0358,31,85.8
1785,73927,13.12.01,6,MIE-1,LAYAK,1.1671,1.1603,1.0609,1.1942,31,85.8
1786,74541,13.12.02,6,MIE-1,LAYAK,1.0115,1.0134,0.9348,1.0415,31,85.6
1787,74951,13.12.02,6,MIE-1,LAYAK,1.1506,1.1603,1.0574,1.2141,31,85.6
1788,75361,13.12.03,6,MIE-1,LAYAK,1.0123,1.0157,0.9366,1.0529,31,85.6
1789,75975,13.12.03,6,MIE-1,LAYAK,1.0035,1.0258,0.9446,1.052,31,85.6
1790,76385,13.12.04,6,MIE-1,LAYAK,1.0091,1.0211,0.9372,1.0553,31,85.6
1791,77000,13.12.04,6,MIE-1,LAYAK,1.0115,1.0149,0.9385,1.0553,31,85.7
1792,77409,13.12.05,6,MIE-1,LAYAK,0.9957,1.0227,0.9422,1.0529,31,85.7
1793,78023,13.12.05,6,MIE-1,LAYAK,1.0138,1.0196,0.9434,1.031,31,85.7
1794,78433,13.12.06,6,MIE-1,LAYAK,1.1363,1.164,1.0617,1.2031,31,85.7
1795,79047,13.12.06,6,MIE-1,LAYAK,1.0083,1.0188,0.9391,1.0529,31,85.9
1796,79457,13.12.07,6,MIE-1,LAYAK,1.1574,1.1566,1.0609,1.2031,31,85.9
1797,79867,13.12.07,6,MIE-1,LAYAK,1.0138,1.0196,0.9422,1.0447,31,85.9
1798,80481,13.12.08,6,MIE-1,LAYAK,1.0131,1.0165,0.9342,1.0455,31,85.9
1799,80891,13.12.08,6,MIE-1,LAYAK,1.0138,1.0134,0.9311,1.0318,31,85.9
1800,81505,13.12.09,6,MIE-1,LAYAK,0.9957,1.0211,0.944,1.0537,31,85.9
1801,81915,13.12.09,6,MIE-1,LAYAK,0.9973,1.0196,0.9397,1.0537,31,86
1802,82529,13.12.10,6,MIE-1,LAYAK,1.0131,1.0188,0.9434,1.0512,31,86
1803,82939,13.12.10,6,MIE-1,LAYAK,1.1545,1.1492,1.0489,1.1961,31,86
1804,83555,13.12.11,6,MIE-1,LAYAK,1.0059,1.018,0.9453,1.0512,31,86
1805,83963,13.12.11,6,MIE-1,LAYAK,1.1487,1.165,1.0624,1.2031,31,86
1806,84577,13.12.12,6,MIE-1,LAYAK,1.0083,1.0157,0.9446,1.0529,31,86.3
1807,84987,13.12.12,6,MIE-1,LAYAK,1.177,1.2111,1.0825,1.2429,31,86.3
1808,85396,13.12.13,6,MIE-1,LAYAK,1.0004,1.0234,0.944,1.0382,31,86.3
1809,86011,13.12.13,6,MIE-1,LAYAK,1.0059,1.0196,0.9422,1.0415,31,86.3
1810,86421,13.12.14,6,MIE-1,LAYAK,1.0012,1.0172,0.944,1.0488,31,86.3
1811,87037,13.12.14,6,MIE-1,LAYAK,1.0131,1.0103,0.9311,1.0504,31,86.3
1812,87446,13.12.15,6,MIE-1,LAYAK,1.1516,1.1594,1.0609,1.2081,31,86.3
1813,88059,13.12.15,6,MIE-1,LAYAK,1.0027,1.0258,0.9446,1.0496,31,86.3
1814,88469,13.12.16,6,MIE-1,LAYAK,1.1574,1.1501,1.0567,1.2081,31,86.3
1815,89083,13.12.16,6,MIE-1,LAYAK,1.0123,1.0203,0.9385,1.0439,31,86.3
1816,89492,13.12.17,6,MIE-1,LAYAK,1.3177,1.368,1.2055,1.4549,31,86.3
1817,90107,13.12.17,6,MIE-1,LAYAK,1.0138,1.0242,0.9453,1.0471,31,86.3
1818,90517,13.12.18,6,MIE-1,LAYAK,1.0138,1.0242,0.9453,1.0471,31,86.3
1819,90929,13.12.18,6,MIE-1,LAYAK,1.0163,1.0165,0.944,1.031,31,86.3
1820,91544,13.12.19,6,MIE-1,LAYAK,1.002,1.0119,0.944,1.0439,31,86
1821,92155,13.12.19,6,MIE-1,LAYAK,1.0115,1.0088,0.9317,1.0374,31,86
1822,92565,13.12.20,6,MIE-1,LAYAK,1.0115,1.0088,0.9317,1.0374,31,86
1823,92975,13.12.20,6,MIE-1,LAYAK,1.1584,1.1474,1.0475,1.1971,31,86
1824,93384,13.12.21,6,MIE-1,LAYAK,1.0051,1.0188,0.9459,1.0488,31,86
1825,93998,13.12.21,6,MIE-1,LAYAK,1.0115,1.0103,0.9372,1.0529,31,86
1826,94408,13.12.22,6,MIE-1,LAYAK,1.0059,1.0165,0.944,1.0406,31,85.8
1827,95023,13.12.22,6,MIE-1,LAYAK,1.0138,1.0289,0.9478,1.048,31,85.8
1828,95432,13.12.23,6,MIE-1,LAYAK,1.1478,1.1594,1.0631,1.2182,31,85.8
1829,96047,13.12.23,6,MIE-1,LAYAK,1.0091,1.0242,0.9478,1.048,31,85.8
1830,96456,13.12.24,6,MIE-1,LAYAK,1.1535,1.1603,1.0602,1.2061,31,85.8
1831,97071,13.12.24,6,MIE-1,LAYAK,1.0138,1.018,0.944,1.0529,31,85.5
1832,97685,13.12.25,6,MIE-1,LAYAK,1.0004,1.0088,0.9342,1.0488,31,85.5
1833,98095,13.12.25,6,MIE-1,LAYAK,1.176,1.18,1.0862,1.2387,31,85.5
1834,98714,13.12.26,6,MIE-1,LAYAK,1.0123,1.0234,0.9446,1.0423,31,85.5
1835,99121,13.12.27,6,MIE-1,LAYAK,1.0131,1.005,0.9329,1.052,30.9,85.4
1836,99733,13.12.27,6,MIE-1,LAYAK,1.0051,1.0289,0.9484,1.0553,30.9,85.4
1837,100143,13.12.27,6,MIE-1,LAYAK,1.0138,1.0134,0.9446,1.048,30.9,85.4
1838,100553,13.12.28,6,MIE-1,LAYAK,1.0138,1.0134,0.9446,1.048,30.9,85.4
1839,100962,13.12.28,6,MIE-1,LAYAK,1.1632,1.1547,1.0631,1.1951,30.9,85.4
1840,101576,13.12.29,6,MIE-1,LAYAK,1.0115,1.0203,0.9446,1.0553,31,85.3
1841,102191,13.12.29,6,MIE-1,LAYAK,1.0163,1.0242,0.9478,1.0512,31,85.3
1842,102600,13.12.30,6,MIE-1,LAYAK,0.9996,1.0227,0.944,1.0406,31,85.3
1843,103215,13.12.30,6,MIE-1,LAYAK,1.0131,1.0134,0.9446,1.0471,31,85.3
1844,103625,13.12.31,6,MIE-1,LAYAK,0.9988,1.0273,0.9478,1.0529,31,85.3
1845,104239,13.12.32,6,MIE-1,LAYAK,1.0099,1.0165,0.944,1.0537,31,85.5
1846,104648,13.12.32,6,MIE-1,LAYAK,1.0099,1.018,0.9422,1.0439,31,85.5
1847,105058,13.12.32,6,MIE-1,LAYAK,1.0099,1.018,0.9422,1.0439,31,85.5
1848,105468,13.12.33,6,MIE-1,LAYAK,1.1545,1.1547,1.0609,1.1922,31,85.5
1849,105877,13.12.33,6,MIE-1,LAYAK,1.0138,1.0157,0.9372,1.0553,31,85.5
1850,106492,13.12.34,6,MIE-1,LAYAK,1.0131,1.0165,0.9403,1.048,31,85.5
1851,106913,13.12.34,6,MIE-1,LAYAK,1.0131,1.0258,0.9478,1.0504,31,85.9
1852,107517,13.12.35,6,MIE-1,LAYAK,1.0123,1.0266,0.9478,1.0504,31,85.9
1853,107926,13.12.35,6,MIE-1,LAYAK,1.0123,1.0211,0.9471,1.0504,31,85.9
1854,108540,13.12.36,6,MIE-1,LAYAK,0.9988,1.0234,0.944,1.0529,31,85.9
1855,108950,13.12.36,6,MIE-1,LAYAK,1.1584,1.165,1.0688,1.2001,31,85.9
1856,109564,13.12.37,6,MIE-1,LAYAK,1.0138,1.005,0.9299,1.048,31,86.1
1857,110178,13.12.37,6,MIE-1,LAYAK,1.0123,1.0157,0.944,1.0398,31,86.1
1858,110588,13.12.38,6,MIE-1,LAYAK,1.0123,1.0157,0.944,1.0398,31,86.1
1859,110998,13.12.38,6,MIE-1,LAYAK,1.1652,1.2062,1.0731,1.2608,31,86.1
1860,111407,13.12.39,6,MIE-1,LAYAK,1.0027,1.0157,0.9459,1.0415,31,86.1
1861,112022,13.12.39,6,MIE-1,LAYAK,1.0012,1.0234,0.9446,1.0586,31,86
1862,112431,13.12.40,6,MIE-1,LAYAK,1.0227,1.0126,0.9287,1.0471,31,86
1863,113048,13.12.40,6,MIE-1,LAYAK,1.0035,1.0328,0.944,1.0578,31,86
1864,113660,13.12.41,6,MIE-1,LAYAK,1.0227,1.0281,0.9503,1.0455,31,86
1865,114070,13.12.41,6,MIE-1,LAYAK,1.0227,1.0281,0.9503,1.0455,31,85.8
1866,114479,13.12.42,6,MIE-1,LAYAK,1.1593,1.1687,1.0659,1.1951,31,85.8
1867,114889,13.12.42,6,MIE-1,LAYAK,1.0163,1.0234,0.944,1.0512,31,85.8
1868,115503,13.12.43,6,MIE-1,LAYAK,1.0083,1.0305,0.9496,1.052,31,85.8
1869,115913,13.12.43,6,MIE-1,LAYAK,1.0163,1.0157,0.9342,1.0512,31,85.8
1870,116527,13.12.44,6,MIE-1,LAYAK,1.0115,1.0273,0.9471,1.0447,31,85.8
1871,116937,13.12.44,6,MIE-1,LAYAK,1.1691,1.165,1.0681,1.1902,31,85.6
1872,117557,13.12.45,6,MIE-1,LAYAK,1.0155,1.0196,0.944,1.0529,31,85.6
1873,117961,13.12.45,6,MIE-1,LAYAK,1.1613,1.1603,1.0631,1.1951,31,85.6
1874,118371,13.12.46,6,MIE-1,LAYAK,1.0195,1.0134,0.9342,1.0504,31,85.6
1875,118990,13.12.46,6,MIE-1,LAYAK,1.0146,1.0149,0.9348,1.0529,31,85.6
1876,119395,13.12.47,6,MIE-1,LAYAK,1.0146,1.0289,0.9521,1.0537,31,85.5
1877,120013,13.12.47,6,MIE-1,LAYAK,1.1671,1.1501,1.0609,1.1971,31,85.5
1878,120420,13.12.48,6,MIE-1,LAYAK,1.0187,1.0211,0.9465,1.0398,31,85.5
1879,121033,13.12.48,6,MIE-1,LAYAK,1.0138,1.0149,0.9342,1.0529,31,85.5
1880,121443,13.12.49,6,MIE-1,LAYAK,1.1574,1.1557,1.0588,1.2081,31,85.5
1881,121853,13.12.49,6,MIE-1,LAYAK,1.0146,1.0242,0.9459,1.0496,31,85.6
1882,122467,13.12.50,6,MIE-1,LAYAK,1.0131,1.0203,0.9446,1.0447,31,85.6
1883,123082,13.12.50,6,MIE-1,LAYAK,1.0107,1.0305,0.9509,1.0545,31,85.6
1884,123491,13.12.51,6,MIE-1,LAYAK,1.1681,1.1594,1.0588,1.1971,31,85.6
1885,124106,13.12.51,6,MIE-1,LAYAK,1.0035,1.0258,0.9471,1.0455,30.9,85.4
1886,124723,13.12.52,6,MIE-1,LAYAK,1.0138,1.0281,0.9496,1.0537,30.9,85.4
1887,125132,13.12.52,6,MIE-1,LAYAK,1.0138,1.0227,0.944,1.0423,30.9,85.4
1888,125546,13.12.53,6,MIE-1,LAYAK,1.0138,1.0227,0.944,1.0423,30.9,85.4
1889,125951,13.12.53,6,MIE-1,LAYAK,1.1401,1.165,1.0681,1.2081,30.9,85.4
1890,126358,13.12.54,6,MIE-1,LAYAK,1.0227,1.0227,0.9471,1.0374,30.9,85.4
1891,126973,13.12.54,6,MIE-1,LAYAK,1.0099,1.0328,0.9521,1.0562,31,85.4
1892,127383,13.12.55,6,MIE-1,LAYAK,1.0146,1.0203,0.9428,1.048,31,85.4
1893,127997,13.12.55,6,MIE-1,LAYAK,1.0179,1.0281,0.9496,1.048,31,85.4
1894,128407,13.12.56,6,MIE-1,LAYAK,1.0138,1.0234,0.9453,1.0545,31,85.4
1895,129021,13.12.56,6,MIE-1,LAYAK,1.0155,1.0234,0.944,1.0529,31,85.4
1896,129431,13.12.57,6,MIE-1,LAYAK,1.0187,1.0188,0.944,1.0423,31,85.4
1897,130045,13.12.57,6,MIE-1,LAYAK,1.0163,1.0134,0.9342,1.0529,31,85.4
1898,130454,13.12.58,6,MIE-1,LAYAK,1.1545,1.1622,1.0617,1.2141,31,85.4
1899,131069,13.12.58,6,MIE-1,LAYAK,1.0211,1.0203,0.9453,1.0366,31,85.4
1900,131479,13.12.59,6,MIE-1,LAYAK,1.1593,1.1501,1.0588,1.2081,31,85.4
1901,132093,13.12.59,6,MIE-1,LAYAK,1.0211,1.0142,0.9434,1.0578,31,85.6
1902,132503,13.13.00,6,MIE-1,LAYAK,1.2719,1.1668,1.0921,1.2366,31,85.6
1903,132912,13.13.00,6,MIE-1,LAYAK,1.0051,1.0281,0.9496,1.0545,31,85.6
1904,133529,13.13.01,6,MIE-1,LAYAK,1.0083,1.0289,0.9484,1.0603,31,85.6
1905,133936,13.13.01,6,MIE-1,LAYAK,1.0138,1.0266,0.944,1.0578,31,85.6
1906,134551,13.13.02,6,MIE-1,LAYAK,1.0211,1.0134,0.9509,1.052,31,85.3
1907,134961,13.13.02,6,MIE-1,LAYAK,1.1701,1.152,1.0588,1.2091,31,85.3
1908,135372,13.13.03,6,MIE-1,LAYAK,1.0138,1.0273,0.9471,1.0455,31,85.3
1909,135985,13.13.03,6,MIE-1,LAYAK,1.0211,1.0242,0.9422,1.0537,31,85.3
1910,136394,13.13.04,6,MIE-1,LAYAK,1.0155,1.0142,0.9335,1.0529,31,85.3
1911,137008,13.13.04,6,MIE-1,LAYAK,1.0146,1.0273,0.9484,1.0471,30.9,85
1912,137626,13.13.05,6,MIE-1,LAYAK,1.0059,1.0103,0.9366,1.0496,30.9,85
1913,138033,13.13.05,6,MIE-1,LAYAK,1.0059,1.0103,0.9366,1.0496,30.9,85
1914,138446,13.13.06,6,MIE-1,LAYAK,1.1671,1.165,1.0652,1.2011,30.9,85
1915,138851,13.13.06,6,MIE-1,LAYAK,1.0155,1.018,0.9416,1.0512,30.9,85
1916,139484,13.13.07,6,MIE-1,LAYAK,1.0179,1.0149,0.9409,1.0406,31,84.9
1917,140082,13.13.07,6,MIE-1,LAYAK,1.0123,1.0258,0.9409,1.0447,31,84.9
1918,140495,13.13.08,6,MIE-1,LAYAK,1.1642,1.1622,1.0617,1.2041,31,84.9
1919,140900,13.13.08,6,MIE-1,LAYAK,1.0059,1.0289,0.9459,1.0488,31,84.9
1920,141514,13.13.09,6,MIE-1,LAYAK,1.0317,1.032,0.9459,1.0529,31,84.9
1921,141939,13.13.09,6,MIE-1,LAYAK,1.0211,1.0126,0.9342,1.0423,31,84.8
1922,142538,13.13.10,6,MIE-1,LAYAK,1.0251,1.0196,0.9409,1.0382,31,84.8
1923,142949,13.13.10,6,MIE-1,LAYAK,1.1662,1.1622,1.0602,1.2131,31,84.8
1924,143575,13.13.11,6,MIE-1,LAYAK,1.0138,1.025,0.9465,1.052,31,84.8
1925,143974,13.13.11,6,MIE-1,LAYAK,1.1535,1.1696,1.0674,1.2161,31,84.8
1926,144587,13.13.12,6,MIE-1,LAYAK,1.0211,1.0157,0.9428,1.0496,31,84.8
1927,144998,13.13.12,6,MIE-1,LAYAK,1.1662,1.1501,1.0489,1.2101,31,84.8
1928,145613,13.13.13,6,MIE-1,LAYAK,1.0115,1.0149,0.9335,1.0504,31,84.8
1929,146020,13.13.13,6,MIE-1,LAYAK,1.0115,1.0149,0.9335,1.0504,31,84.8
1930,146430,13.13.14,6,MIE-1,LAYAK,1.0107,1.0196,0.9453,1.0496,31,84.8
1931,147044,13.13.14,6,MIE-1,LAYAK,1.0051,1.0313,0.9503,1.0545,31,85.1
1932,147658,13.13.15,6,MIE-1,LAYAK,1.0083,1.025,0.9471,1.052,31,85.1
1933,148068,13.13.15,6,MIE-1,LAYAK,1.0083,1.025,0.9471,1.052,31,85.1
1934,148479,13.13.16,6,MIE-1,LAYAK,1.1574,1.1659,1.0609,1.2161,31,85.1
1935,148890,13.13.16,6,MIE-1,LAYAK,1.0211,1.0273,0.9459,1.0504,31,85.1
1936,149509,13.13.17,6,MIE-1,LAYAK,1.0211,1.0297,0.9478,1.0447,31,85.3
1937,149913,13.13.17,6,MIE-1,LAYAK,1.0171,1.0119,0.9342,1.0439,31,85.3
1938,150526,13.13.18,6,MIE-1,LAYAK,1.002,1.032,0.9496,1.0545,31,85.3
1939,150935,13.13.18,6,MIE-1,LAYAK,1.0155,1.0266,0.9509,1.0529,31,85.3
1940,151550,13.13.19,6,MIE-1,LAYAK,1.0155,1.0242,0.9446,1.0529,31,85.5
1941,151960,13.13.19,6,MIE-1,LAYAK,1.1671,1.1744,1.0652,1.2011,31,85.5
1942,152371,13.13.20,6,MIE-1,LAYAK,1.0138,1.0313,0.9471,1.0431,31,85.5
1943,152984,13.13.20,6,MIE-1,LAYAK,1.0179,1.0297,0.9496,1.0496,31,85.5
1944,153395,13.13.21,6,MIE-1,LAYAK,1.0219,1.0242,0.9459,1.0406,31,85.5
1945,154008,13.13.21,6,MIE-1,LAYAK,1.0211,1.0273,0.9459,1.039,31,85.5
1946,154420,13.13.22,6,MIE-1,LAYAK,1.0251,1.0258,0.9478,1.0398,31,85.8
1947,155035,13.13.22,6,MIE-1,LAYAK,1.0227,1.018,0.9378,1.0406,31,85.8
1948,155444,13.13.23,6,MIE-1,LAYAK,1.1545,1.1612,1.0602,1.2121,31,85.8
1949,156057,13.13.23,6,MIE-1,LAYAK,1.0179,1.0126,0.9335,1.0529,31,85.8
1950,156466,13.13.24,6,MIE-1,LAYAK,1.1691,1.164,1.0609,1.2131,31,85.8
1951,157081,13.13.24,6,MIE-1,LAYAK,1.0059,1.0305,0.9503,1.0562,31,86.2
1952,157493,13.13.25,6,MIE-1,LAYAK,1.1526,1.1744,1.0674,1.2161,31,86.2
1953,157899,13.13.25,6,MIE-1,LAYAK,1.0131,1.032,0.9521,1.0537,31,86.2
1954,158518,13.13.26,6,MIE-1,LAYAK,1.1701,1.1557,1.0617,1.2041,31,86.2
1955,158923,13.13.26,6,MIE-1,LAYAK,1.0251,1.0149,0.9348,1.0382,31,86.2
1956,159540,13.13.27,6,MIE-1,LAYAK,1.0155,1.0328,0.9509,1.0529,31,86.5
1957,160153,13.13.27,6,MIE-1,LAYAK,1.0211,1.0281,0.9484,1.0415,31,86.5
1958,160562,13.13.28,6,MIE-1,LAYAK,1.0211,1.0281,0.9484,1.0415,31,86.5
1959,160975,13.13.28,6,MIE-1,LAYAK,1.1603,1.165,1.071,1.2041,31,86.5
1960,161381,13.13.29,6,MIE-1,LAYAK,1.0155,1.0227,0.9446,1.0578,31,86.5
1961,161995,13.13.29,6,MIE-1,LAYAK,1.0171,1.0281,0.9459,1.0415,31,86.5
1962,162405,13.13.30,6,MIE-1,LAYAK,1.0219,1.0142,0.9311,1.0439,31,86.5
1963,163019,13.13.30,6,MIE-1,LAYAK,1.0138,1.0242,0.9503,1.0398,31,86.5
1964,163437,13.13.31,6,MIE-1,LAYAK,1.0138,1.0273,0.9409,1.0439,31,86.5
1965,164044,13.13.31,6,MIE-1,LAYAK,1.0155,1.0211,0.9496,1.0406,31,86.4
1966,164661,13.13.32,6,MIE-1,LAYAK,0.998,1.0242,0.9459,1.0529,31,86.4
1967,165067,13.13.32,6,MIE-1,LAYAK,0.998,1.0242,0.9459,1.0529,31,86.4
1968,165477,13.13.33,6,MIE-1,LAYAK,1.1535,1.1678,1.0645,1.2161,31,86.4
1969,165888,13.13.33,6,MIE-1,LAYAK,1.0138,1.0203,0.9422,1.0553,31,86.4
1970,166501,13.13.34,6,MIE-1,LAYAK,1.0155,1.0258,0.9496,1.0512,31,86.4
1971,166911,13.13.34,6,MIE-1,LAYAK,1.0179,1.0157,0.9354,1.0398,31,85.9
1972,167525,13.13.35,6,MIE-1,LAYAK,1.0012,1.0281,0.9446,1.057,31,85.9
1973,167935,13.13.35,6,MIE-1,LAYAK,1.0138,1.0157,0.9335,1.0512,31,85.9
1974,168549,13.13.36,6,MIE-1,LAYAK,1.002,1.018,0.9428,1.0398,31,85.9
1975,168958,13.13.36,6,MIE-1,LAYAK,1.1545,1.1753,1.0674,1.2101,31,85.9
1976,169573,13.13.37,6,MIE-1,LAYAK,1.0179,1.0266,0.9478,1.0406,31.1,85.3
1977,170188,13.13.37,6,MIE-1,LAYAK,1.0004,1.0165,0.9397,1.0537,31.1,85.3
1978,170598,13.13.38,6,MIE-1,LAYAK,1.0004,1.0165,0.9397,1.0537,31.1,85.3
1979,171014,13.13.38,6,MIE-1,LAYAK,1.184,1.2652,1.071,1.1991,31.1,85.3
1980,171419,13.13.39,6,MIE-1,LAYAK,1.0138,1.0165,0.944,1.0398,31.1,85.3
1981,172031,13.13.39,6,MIE-1,LAYAK,1.0059,1.0242,0.9428,1.0545,31.1,85.5
1982,172645,13.13.40,6,MIE-1,LAYAK,1.0067,1.0196,0.9434,1.0512,31.1,85.5
1983,173060,13.13.40,6,MIE-1,LAYAK,1.0067,1.0196,0.9434,1.0512,31.1,85.5
1984,173465,13.13.41,6,MIE-1,LAYAK,1.1593,1.1631,1.0645,1.1971,31.1,85.5
1985,173875,13.13.41,6,MIE-1,LAYAK,1.0123,1.0234,0.9465,1.031,31.1,85.5
1986,174502,13.13.42,6,MIE-1,LAYAK,1.0051,1.018,0.9428,1.0398,31.1,85.7
1987,175103,13.13.42,6,MIE-1,LAYAK,1.0131,1.0297,0.9484,1.0529,31.1,85.7
1988,175513,13.13.43,6,MIE-1,LAYAK,1.1535,1.1935,1.1069,1.3982,31.1,85.7
1989,176127,13.13.43,6,MIE-1,LAYAK,1.0146,1.0196,0.9422,1.0439,31.1,85.7
1990,176540,13.13.44,6,MIE-1,LAYAK,1.0146,1.0196,0.9422,1.0439,31.1,86
1991,176946,13.13.44,6,MIE-1,LAYAK,1.0107,1.018,0.9342,1.0415,31.1,86
1992,177356,13.13.45,6,MIE-1,LAYAK,1.0138,1.0258,0.9459,1.0447,31.1,86
1993,177976,13.13.45,6,MIE-1,LAYAK,1.0012,1.0258,0.9446,1.0529,31.1,86
1994,178380,13.13.46,6,MIE-1,LAYAK,1.0179,1.0258,0.9471,1.0431,31.1,86
1995,178997,13.13.46,6,MIE-1,LAYAK,1.002,1.0258,0.9323,1.0431,31.1,86
1996,179404,13.13.47,6,MIE-1,LAYAK,1.0004,1.0234,0.944,1.0537,31,86.1
1997,180019,13.13.47,6,MIE-1,LAYAK,1.0146,1.0111,0.9335,1.0342,31,86.1
1998,180428,13.13.48,6,MIE-1,LAYAK,1.0171,1.0266,0.9446,1.0415,31,86.1
1999,181055,13.13.48,6,MIE-1,LAYAK,1.0051,1.0242,0.9422,1.0342,31,86.1
2000,181453,13.13.49,6,MIE-1,LAYAK,1.1545,1.1603,1.0602,1.1932,31,86.1
2001,182069,13.13.49,6,MIE-1,LAYAK,1.0138,1.0196,0.9446,1.0529,31.1,86.3
2002,182681,13.13.50,6,MIE-1,LAYAK,1.0138,1.0234,0.944,1.0318,31.1,86.3
2003,183093,13.13.50,6,MIE-1,LAYAK,1.0138,1.0234,0.944,1.0318,31.1,86.3
2004,183500,13.13.51,6,MIE-1,LAYAK,1.1613,1.152,1.0503,1.2001,31.1,86.3
2005,183913,13.13.51,6,MIE-1,LAYAK,1.0083,1.0119,0.9342,1.0439,31.1,86.3
2006,184531,13.13.52,6,MIE-1,LAYAK,1.1593,1.1631,1.0595,1.1912,31,86.9
2007,185149,13.13.52,6,MIE-1,LAYAK,1.0163,1.0258,0.9471,1.0439,31,86.9
2008,185548,13.13.53,6,MIE-1,LAYAK,1.0163,1.0258,0.9471,1.0439,31,86.9
2009,185960,13.13.53,6,MIE-1,LAYAK,1.1574,1.152,1.0609,1.1981,31,86.9
2010,186370,13.13.54,6,MIE-1,LAYAK,1.0123,1.0165,0.9409,1.0529,31,86.9
2011,186982,13.13.54,6,MIE-1,LAYAK,1.002,1.0266,0.9471,1.057,31.1,87
2012,187597,13.13.55,6,MIE-1,LAYAK,1.0131,1.0196,0.9416,1.0537,31.1,87
2013,188007,13.13.55,6,MIE-1,LAYAK,1.1603,1.1566,1.0588,1.1922,31.1,87
2014,188625,13.13.56,6,MIE-1,LAYAK,0.9965,1.0157,0.936,1.0529,31.1,87
2015,189040,13.13.56,6,MIE-1,LAYAK,0.9965,1.0157,0.936,1.0529,31.1,86.8
2016,189442,13.13.57,6,MIE-1,LAYAK,1.0138,1.0119,0.9434,1.039,31.1,86.8
2017,605,13.20.16,7,DAGING-1,LAYAK,1.0235,1.0408,0.9744,1.062,31.5,88.7
2018,1015,13.20.16,7,DAGING-1,LAYAK,1.0059,1.036,0.9565,1.0653,31.5,88.7
2019,1424,13.20.17,7,DAGING-1,LAYAK,1.0138,1.0392,0.9724,1.0645,31.6,88.9
2020,2064,13.20.17,7,DAGING-1,LAYAK,1.0187,1.0368,0.9724,1.0678,31.6,88.9
2021,2449,13.20.18,7,DAGING-1,LAYAK,1.0099,1.0408,0.9699,1.0661,31.6,88.9
2022,3064,13.20.18,7,DAGING-1,LAYAK,1.0115,1.0392,0.9756,1.0703,31.6,88.9
2023,3473,13.20.19,7,DAGING-1,LAYAK,1.0227,1.04,0.9711,1.0762,31.6,88.9
2024,4098,13.20.19,7,DAGING-1,LAYAK,1.1731,1.1925,1.0957,1.2387,31.6,88.7
2025,4502,13.20.20,7,DAGING-1,LAYAK,1.0171,1.0384,0.9711,1.062,31.6,88.7
2026,5111,13.20.20,7,DAGING-1,LAYAK,1.0138,1.0328,0.9603,1.0678,31.6,88.7
2027,5520,13.20.21,7,DAGING-1,LAYAK,1.1992,1.1896,1.098,1.246,31.6,88.7
2028,5930,13.20.21,7,DAGING-1,LAYAK,1.0059,1.0384,0.9711,1.0788,31.6,88.7
2029,6547,13.20.22,7,DAGING-1,LAYAK,1.0099,1.0408,0.9744,1.072,31.7,88.7
2030,6954,13.20.22,7,DAGING-1,LAYAK,1.0138,1.04,0.9744,1.0745,31.7,88.7
2031,7569,13.20.23,7,DAGING-1,LAYAK,1.0187,1.0336,0.9731,1.0737,31.7,88.7
2032,7978,13.20.23,7,DAGING-1,LAYAK,1.0155,1.0305,0.9679,1.0754,31.7,88.7
2033,8593,13.20.24,7,DAGING-1,LAYAK,1.0155,1.0384,0.9667,1.0653,31.7,88.7
2034,9002,13.20.24,7,DAGING-1,LAYAK,1.0123,1.0392,0.9673,1.0578,31.6,88.8
2035,9616,13.20.25,7,DAGING-1,LAYAK,1.0219,1.0384,0.9744,1.0628,31.6,88.8
2036,10027,13.20.25,7,DAGING-1,LAYAK,1.177,1.1781,1.0855,1.2335,31.6,88.8
2037,10641,13.20.26,7,DAGING-1,LAYAK,1.0171,1.0336,0.9724,1.0636,31.6,88.8
2038,11050,13.20.26,7,DAGING-1,LAYAK,1.1691,1.1848,1.0957,1.2294,31.6,88.8
2039,11673,13.20.27,7,DAGING-1,LAYAK,1.2466,1.2506,1.1281,1.4417,31.7,88.7
2040,12279,13.20.27,7,DAGING-1,LAYAK,1.0195,1.04,0.9744,1.0653,31.7,88.7
2041,12689,13.20.28,7,DAGING-1,LAYAK,1.0146,1.0368,0.9705,1.0686,31.7,88.7
2042,13306,13.20.28,7,DAGING-1,LAYAK,1.0138,1.0384,0.9737,1.0603,31.7,88.7
2043,13713,13.20.29,7,DAGING-1,LAYAK,1.002,1.0408,0.9718,1.0788,31.7,88.2
2044,14327,13.20.29,7,DAGING-1,LAYAK,1.0131,1.0408,0.975,1.0762,31.7,88.2
2045,14737,13.20.30,7,DAGING-1,LAYAK,1.0171,1.025,0.9635,1.0603,31.7,88.2
2046,15147,13.20.30,7,DAGING-1,LAYAK,1.0171,1.025,0.9635,1.0603,31.7,88.2
2047,15556,13.20.31,7,DAGING-1,LAYAK,1.1584,1.1858,1.0995,1.2523,31.7,88.2
2048,15968,13.20.31,7,DAGING-1,LAYAK,1.0051,1.0408,0.9744,1.0754,31.7,88.2
2049,16582,13.20.32,7,DAGING-1,LAYAK,1.0187,1.0227,0.9559,1.0628,31.8,87.1
2050,17196,13.20.32,7,DAGING-1,LAYAK,1.0115,1.036,0.9679,1.0771,31.8,87.1
2051,17605,13.20.33,7,DAGING-1,LAYAK,1.0115,1.036,0.9679,1.0771,31.8,87.1
2052,18016,13.20.33,7,DAGING-1,LAYAK,1.0138,1.0368,0.9731,1.0661,31.8,87.1
2053,18425,13.20.34,7,DAGING-1,LAYAK,1.0155,1.0266,0.9641,1.0745,31.8,87.1
2054,19041,13.20.34,7,DAGING-1,LAYAK,1.0115,1.036,0.9692,1.0779,31.8,87.3
2055,19447,13.20.35,7,DAGING-1,LAYAK,1.0219,1.025,0.9641,1.0578,31.8,87.3
2056,20065,13.20.35,7,DAGING-1,LAYAK,1.0195,1.0376,0.9737,1.0628,31.8,87.3
2057,20676,13.20.36,7,DAGING-1,LAYAK,1.1711,1.1791,1.0957,1.245,31.8,87.3
2058,21086,13.20.36,7,DAGING-1,LAYAK,1.1711,1.1791,1.0957,1.245,31.8,87.3
2059,21496,13.20.37,7,DAGING-1,LAYAK,1.0163,1.0297,0.9673,1.0628,31.8,87.7
2060,22113,13.20.37,7,DAGING-1,LAYAK,1.0091,1.0368,0.9699,1.062,31.8,87.7
2061,22522,13.20.38,7,DAGING-1,LAYAK,1.1564,1.1781,1.098,1.2294,31.8,87.7
2062,23135,13.20.38,7,DAGING-1,LAYAK,1.0179,1.0266,0.9629,1.0678,31.8,87.7
2063,23544,13.20.39,7,DAGING-1,LAYAK,1.1681,1.18,1.0957,1.246,31.8,87.7
2064,24158,13.20.39,7,DAGING-1,LAYAK,1.0138,1.0384,0.9654,1.0645,31.8,87.9
2065,24568,13.20.40,7,DAGING-1,LAYAK,1.175,1.3173,1.1273,1.2471,31.8,87.9
2066,24977,13.20.40,7,DAGING-1,LAYAK,1.0138,1.0423,0.9744,1.0737,31.8,87.9
2067,25592,13.20.41,7,DAGING-1,LAYAK,1.0138,1.0423,0.9744,1.0695,31.8,87.9
2068,26001,13.20.41,7,DAGING-1,LAYAK,1.0138,1.0455,0.9731,1.072,31.8,87.9
2069,26616,13.20.42,7,DAGING-1,LAYAK,1.0146,1.0408,0.9699,1.0779,31.9,88.1
2070,27230,13.20.42,7,DAGING-1,LAYAK,1.0243,1.0408,0.9718,1.0537,31.9,88.1
2071,27640,13.20.43,7,DAGING-1,LAYAK,1.0243,1.0408,0.9718,1.0537,31.9,88.1
2072,28049,13.20.43,7,DAGING-1,LAYAK,1.184,1.1829,1.0965,1.2429,31.9,88.1
2073,28459,13.20.44,7,DAGING-1,LAYAK,1.0276,1.0408,0.9705,1.062,31.9,88.1
2074,29073,13.20.44,7,DAGING-1,LAYAK,1.0138,1.0408,0.9699,1.0661,31.9,87.8
2075,29484,13.20.45,7,DAGING-1,LAYAK,1.0259,1.0368,0.9641,1.0745,31.9,87.8
2076,30098,13.20.45,7,DAGING-1,LAYAK,1.0292,1.0408,0.9711,1.0628,31.9,87.8
2077,30507,13.20.46,7,DAGING-1,LAYAK,1.0146,1.0384,0.9731,1.0703,31.9,87.8
2078,31137,13.20.46,7,DAGING-1,LAYAK,1.0243,1.0384,0.9705,1.0553,31.9,87.6
2079,31544,13.20.47,7,DAGING-1,LAYAK,1.177,1.1781,1.0855,1.2429,31.9,87.6
2080,32150,13.20.47,7,DAGING-1,LAYAK,1.0091,1.0408,0.9711,1.0745,31.9,87.6
2081,32557,13.20.48,7,DAGING-1,LAYAK,1.179,1.1887,1.098,1.2304,31.9,87.6
2082,33170,13.20.48,7,DAGING-1,LAYAK,1.0227,1.0408,0.9737,1.0636,31.9,87.6
2083,33580,13.20.49,7,DAGING-1,LAYAK,1.18,1.1887,1.1032,1.2387,31.9,87.6
2084,34195,13.20.49,7,DAGING-1,LAYAK,1.0155,1.04,0.9699,1.067,31.9,87.6
2085,34603,13.20.50,7,DAGING-1,LAYAK,1.0155,1.04,0.9699,1.067,31.9,87.6
2086,35014,13.20.50,7,DAGING-1,LAYAK,1.0138,1.0344,0.966,1.0661,31.9,87.6
2087,35627,13.20.51,7,DAGING-1,LAYAK,1.0138,1.036,0.9705,1.0712,31.9,87.6
2088,36037,13.20.51,7,DAGING-1,LAYAK,1.18,1.182,1.0957,1.2263,31.9,87.6
2089,36447,13.20.52,7,DAGING-1,LAYAK,1.0146,1.0376,0.9673,1.0545,32,87.6
2090,37062,13.20.52,7,DAGING-1,LAYAK,1.0027,1.04,0.9711,1.072,32,87.6
2091,37473,13.20.53,7,DAGING-1,LAYAK,1.0211,1.0313,0.9648,1.067,32,87.6
2092,38092,13.20.53,7,DAGING-1,LAYAK,1.0187,1.036,0.9673,1.0636,32,87.6
2093,38495,13.20.54,7,DAGING-1,LAYAK,1.0099,1.0408,0.961,1.0645,32,87.6
2094,39109,13.20.54,7,DAGING-1,LAYAK,1.0163,1.0384,0.9654,1.0529,32,87.8
2095,39724,13.20.55,7,DAGING-1,LAYAK,1.0195,1.04,0.9692,1.0703,32,87.8
2096,40134,13.20.55,7,DAGING-1,LAYAK,1.0195,1.04,0.9692,1.0703,32,87.8
2097,40543,13.20.56,7,DAGING-1,LAYAK,1.1593,1.1848,1.0935,1.2429,32,87.8
2098,40954,13.20.56,7,DAGING-1,LAYAK,1.0163,1.0352,0.9641,1.0686,32,87.8
2099,41568,13.20.57,7,DAGING-1,LAYAK,1.0219,1.036,0.9667,1.052,32,87.6
2100,42183,13.20.57,7,DAGING-1,LAYAK,1.1701,1.1935,1.0972,1.2325,32,87.6
2101,42591,13.20.58,7,DAGING-1,LAYAK,1.1701,1.1935,1.0972,1.2325,32,87.6
2102,43000,13.20.58,7,DAGING-1,LAYAK,1.0131,1.0328,0.9648,1.0628,32,87.6
2103,43615,13.20.59,7,DAGING-1,LAYAK,1.0171,1.0384,0.9679,1.062,32,87.5
2104,44229,13.20.59,7,DAGING-1,LAYAK,1.0051,1.0258,0.966,1.0578,32,87.5
2105,44644,13.21.00,7,DAGING-1,LAYAK,1.0051,1.0258,0.966,1.0578,32,87.5
2106,45049,13.21.00,7,DAGING-1,LAYAK,1.1701,1.1696,1.0957,1.2304,32,87.5
2107,45458,13.21.01,7,DAGING-1,LAYAK,1.0131,1.0352,0.9641,1.0653,32,87.5
2108,46072,13.21.01,7,DAGING-1,LAYAK,1.002,1.0352,0.9559,1.062,32,87.5
2109,46482,13.21.02,7,DAGING-1,LAYAK,1.0091,1.032,0.9629,1.0678,32.1,87.4
2110,47096,13.21.02,7,DAGING-1,LAYAK,1.0155,1.0297,0.9622,1.0628,32.1,87.4
2111,47506,13.21.03,7,DAGING-1,LAYAK,1.0138,1.032,0.9534,1.057,32.1,87.4
2112,48121,13.21.03,7,DAGING-1,LAYAK,1.0138,1.0305,0.9641,1.0611,32.1,87.4
2113,48531,13.21.04,7,DAGING-1,LAYAK,1.1603,1.1781,1.0957,1.2304,32.1,87.4
2114,49145,13.21.04,7,DAGING-1,LAYAK,1.0138,1.0328,0.9686,1.0562,32.1,87.4
2115,49759,13.21.05,7,DAGING-1,LAYAK,1.0012,1.0289,0.9629,1.0678,32.1,87.4
2116,50170,13.21.05,7,DAGING-1,LAYAK,1.0012,1.0289,0.9629,1.0678,32.1,87.4
2117,50578,13.21.06,7,DAGING-1,LAYAK,1.1632,1.2091,1.1266,1.3736,32.1,87.4
2118,50988,13.21.06,7,DAGING-1,LAYAK,1.0131,1.0227,0.9553,1.067,32.1,87.4
2119,51603,13.21.07,7,DAGING-1,LAYAK,1.0004,1.0289,0.9641,1.0686,32.1,87.5
2120,52012,13.21.07,7,DAGING-1,LAYAK,1.0123,1.0157,0.954,1.0636,32.1,87.5
2121,52628,13.21.08,7,DAGING-1,LAYAK,1.0115,1.0242,0.9648,1.0628,32.1,87.5
2122,53037,13.21.08,7,DAGING-1,LAYAK,1.1671,1.1734,1.0818,1.2304,32.1,87.5
2123,53446,13.21.09,7,DAGING-1,LAYAK,1.0146,1.0157,0.9629,1.057,32.1,87.5
2124,54060,13.21.09,7,DAGING-1,LAYAK,1.0123,1.0281,0.961,1.0586,32.1,87.3
2125,54470,13.21.10,7,DAGING-1,LAYAK,1.0115,1.0258,0.961,1.0661,32.1,87.3
2126,55084,13.21.10,7,DAGING-1,LAYAK,1.0099,1.0258,0.961,1.0653,32.1,87.3
2127,55497,13.21.11,7,DAGING-1,LAYAK,1.0146,1.0188,0.9559,1.0504,32.1,87.3
2128,56113,13.21.11,7,DAGING-1,LAYAK,1.0107,1.0281,0.9616,1.0537,32.1,87
2129,56723,13.21.12,7,DAGING-1,LAYAK,0.9957,1.0227,0.961,1.0603,32.1,87
2130,57145,13.21.12,7,DAGING-1,LAYAK,0.9957,1.0227,0.961,1.0603,32.1,87
2131,57542,13.21.13,7,DAGING-1,LAYAK,1.1671,1.1706,1.0804,1.2325,32.1,87
2132,57952,13.21.13,7,DAGING-1,LAYAK,1.0091,1.0234,0.9597,1.067,32.1,87
2133,58567,13.21.14,7,DAGING-1,LAYAK,1.0123,1.0313,0.9654,1.0603,32.1,87
2134,58976,13.21.14,7,DAGING-1,LAYAK,1.0138,1.0157,0.9528,1.057,32.2,87
2135,59590,13.21.15,7,DAGING-1,LAYAK,1.0138,1.0134,0.9459,1.057,32.2,87
2136,60000,13.21.15,7,DAGING-1,LAYAK,1.0004,1.0305,0.9641,1.0686,32.2,87
2137,60617,13.21.16,7,DAGING-1,LAYAK,1.0035,1.0336,0.966,1.0611,32.2,87
2138,61024,13.21.16,7,DAGING-1,LAYAK,1.18,1.2081,1.2064,1.3556,32.2,87
2139,61639,13.21.17,7,DAGING-1,LAYAK,1.0138,1.0142,0.9509,1.0586,32.2,86.9
2140,62253,13.21.17,7,DAGING-1,LAYAK,1.0051,1.0281,0.9622,1.0678,32.2,86.9
2141,62667,13.21.18,7,DAGING-1,LAYAK,1.0051,1.0281,0.9622,1.0678,32.2,86.9
2142,63075,13.21.18,7,DAGING-1,LAYAK,1.1593,1.1753,1.0877,1.2325,32.2,86.9
2143,63484,13.21.19,7,DAGING-1,LAYAK,1.0059,1.0273,0.9635,1.0545,32.2,86.9
2144,64097,13.21.19,7,DAGING-1,LAYAK,1.0059,1.0297,0.9673,1.0661,32.2,86.3
2145,64506,13.21.20,7,DAGING-1,LAYAK,1.0107,1.0266,0.961,1.0645,32.2,86.3
2146,65123,13.21.20,7,DAGING-1,LAYAK,1.0091,1.0242,0.9654,1.0529,32.2,86.3
2147,65735,13.21.21,7,DAGING-1,LAYAK,1.0083,1.032,0.9673,1.0661,32.2,86.3
2148,66146,13.21.21,7,DAGING-1,LAYAK,1.0083,1.032,0.9673,1.0661,32.2,86
2149,66554,13.21.22,7,DAGING-1,LAYAK,1.1603,1.18,1.0906,1.2304,32.2,86
2150,66963,13.21.22,7,DAGING-1,LAYAK,1.0083,1.0258,0.9641,1.057,32.2,86
2151,67581,13.21.23,7,DAGING-1,LAYAK,1.0138,1.0149,0.9503,1.0603,32.2,86
2152,67988,13.21.23,7,DAGING-1,LAYAK,1.002,1.0297,0.9641,1.0611,32.2,86
2153,68602,13.21.24,7,DAGING-1,LAYAK,1.0091,1.0165,0.9503,1.0636,32.2,86
2154,69012,13.21.24,7,DAGING-1,LAYAK,1.0138,1.0157,0.9503,1.0537,32.2,86.4
2155,69626,13.21.25,7,DAGING-1,LAYAK,1.0138,1.0297,0.9641,1.0586,32.2,86.4
2156,70038,13.21.25,7,DAGING-1,LAYAK,1.1574,1.18,1.0921,1.2304,32.2,86.4
2157,70446,13.21.26,7,DAGING-1,LAYAK,0.9949,1.0297,0.9641,1.0661,32.2,86.4
2158,71062,13.21.26,7,DAGING-1,LAYAK,1.0059,1.0336,0.9654,1.0653,32.2,86.4
2159,71469,13.21.27,7,DAGING-1,LAYAK,1.0051,1.0273,0.9641,1.0529,32.2,86.8
2160,72084,13.21.27,7,DAGING-1,LAYAK,1.0138,1.0266,0.9603,1.0545,32.2,86.8
2161,72496,13.21.28,7,DAGING-1,LAYAK,1.0004,1.0258,0.961,1.067,32.2,86.8
2162,73112,13.21.28,7,DAGING-1,LAYAK,0.9941,1.0281,0.9641,1.067,32.2,86.8
2163,73517,13.21.29,7,DAGING-1,LAYAK,1.1671,1.1744,1.0906,1.2492,32.2,86.8
2164,73930,13.21.29,7,DAGING-1,LAYAK,1.0123,1.0281,0.9641,1.0586,32.2,86.8
2165,74541,13.21.30,7,DAGING-1,LAYAK,1.0107,1.0227,0.9553,1.0653,32.2,86.8
2166,74951,13.21.30,7,DAGING-1,LAYAK,1.0059,1.0234,0.9597,1.052,32.2,86.8
2167,75565,13.21.31,7,DAGING-1,LAYAK,1.0138,1.018,0.9484,1.0645,32.2,86.8
2168,75975,13.21.31,7,DAGING-1,LAYAK,1.0012,1.0305,0.9654,1.0661,32.2,86.8
2169,76589,13.21.32,7,DAGING-1,LAYAK,1.0138,1.0289,0.9641,1.057,32.3,86.5
2170,77204,13.21.32,7,DAGING-1,LAYAK,1.0107,1.0305,0.9641,1.057,32.3,86.5
2171,77614,13.21.33,7,DAGING-1,LAYAK,1.0107,1.0305,0.9641,1.057,32.3,86.5
2172,78023,13.21.33,7,DAGING-1,LAYAK,1.1603,1.1791,1.0913,1.2212,32.3,86.5
2173,78637,13.21.34,7,DAGING-1,LAYAK,0.9988,1.0234,0.9471,1.0529,32.3,86
2174,79047,13.21.34,7,DAGING-1,LAYAK,1.1701,1.1696,1.0943,1.2233,32.3,86
2175,79456,13.21.35,7,DAGING-1,LAYAK,1.0099,1.0157,0.9578,1.0661,32.3,86
2176,80072,13.21.35,7,DAGING-1,LAYAK,1.0115,1.0211,0.9578,1.0661,32.3,86
2177,80481,13.21.36,7,DAGING-1,LAYAK,1.0107,1.0134,0.9496,1.0628,32.3,86
2178,81095,13.21.36,7,DAGING-1,LAYAK,1.1681,1.1603,1.0746,1.2284,32.3,86
2179,81505,13.21.37,7,DAGING-1,LAYAK,1.002,1.0281,0.9648,1.0661,32.3,85.9
2180,82122,13.21.37,7,DAGING-1,LAYAK,1.0083,1.0211,0.9597,1.0603,32.3,85.9
2181,82529,13.21.38,7,DAGING-1,LAYAK,1.1681,1.1772,1.0913,1.2202,32.3,85.9
2182,83143,13.21.38,7,DAGING-1,LAYAK,1.0138,1.0242,0.9572,1.0578,32.3,85.9
2183,83553,13.21.39,7,DAGING-1,LAYAK,1.1584,1.165,1.0738,1.2294,32.3,85.9
2184,84167,13.21.39,7,DAGING-1,LAYAK,1.0131,1.0273,0.9578,1.0529,32.3,85.8
2185,84577,13.21.40,7,DAGING-1,LAYAK,1.1632,1.1612,1.0804,1.2294,32.3,85.8
2186,84987,13.21.40,7,DAGING-1,LAYAK,1.0043,1.0211,0.9641,1.0471,32.3,85.8
2187,85604,13.21.41,7,DAGING-1,LAYAK,0.9996,1.0273,0.9616,1.0661,32.3,85.8
2188,86011,13.21.41,7,DAGING-1,LAYAK,1.0123,1.0172,0.9534,1.0529,32.3,85.8
2189,86625,13.21.42,7,DAGING-1,LAYAK,1.0131,1.0134,0.9503,1.0537,32.3,85.6
2190,87037,13.21.42,7,DAGING-1,LAYAK,1.1613,1.1603,1.0731,1.2294,32.3,85.6
2191,87445,13.21.43,7,DAGING-1,LAYAK,0.9988,1.0258,0.954,1.0661,32.3,85.6
2192,88060,13.21.43,7,DAGING-1,LAYAK,1.0012,1.0242,0.9578,1.0636,32.3,85.6
2193,88471,13.21.44,7,DAGING-1,LAYAK,1.0059,1.018,0.9534,1.0636,32.3,85.6
2194,89086,13.21.44,7,DAGING-1,LAYAK,1.0115,1.0142,0.9496,1.0603,32.3,85.4
2195,89700,13.21.45,7,DAGING-1,LAYAK,1.002,1.0266,0.9622,1.0586,32.3,85.4
2196,90109,13.21.45,7,DAGING-1,LAYAK,1.002,1.0266,0.9622,1.0586,32.3,85.4
2197,90517,13.21.46,7,DAGING-1,LAYAK,1.1487,1.165,1.0775,1.2274,32.3,85.4
2198,90926,13.21.46,7,DAGING-1,LAYAK,1.0091,1.0165,0.9553,1.0578,32.3,85.4
2199,91541,13.21.47,7,DAGING-1,LAYAK,0.9957,1.0273,0.9635,1.067,32.4,85.4
2200,92155,13.21.47,7,DAGING-1,LAYAK,1.0091,1.0281,0.9503,1.0578,32.4,85.4
2201,92564,13.21.48,7,DAGING-1,LAYAK,1.1564,1.18,1.0921,1.2274,32.4,85.4
2202,93179,13.21.48,7,DAGING-1,LAYAK,1.186,1.221,1.1009,1.263,32.4,85.4
2203,93592,13.21.49,7,DAGING-1,LAYAK,1.186,1.221,1.1009,1.263,32.4,85.4
2204,93999,13.21.49,7,DAGING-1,LAYAK,1.0051,1.0196,0.9565,1.052,32.4,85.2
2205,94616,13.21.50,7,DAGING-1,LAYAK,1.0115,1.0157,0.9465,1.062,32.4,85.2
2206,95227,13.21.50,7,DAGING-1,LAYAK,1.0035,1.0242,0.9635,1.052,32.4,85.2
2207,95637,13.21.51,7,DAGING-1,LAYAK,1.0035,1.0242,0.9635,1.052,32.4,85.2
2208,96054,13.21.51,7,DAGING-1,LAYAK,1.1545,1.1706,1.0921,1.2294,32.4,85.2
2209,96456,13.21.52,7,DAGING-1,LAYAK,0.9926,1.0266,0.9616,1.0661,32.4,84.8
2210,97071,13.21.52,7,DAGING-1,LAYAK,1.0115,1.0134,0.9446,1.0578,32.4,84.8
2211,97481,13.21.53,7,DAGING-1,LAYAK,1.0099,1.0227,0.961,1.052,32.4,84.8
2212,98095,13.21.53,7,DAGING-1,LAYAK,1.1555,1.1696,1.0855,1.2151,32.4,84.8
2213,98504,13.21.54,7,DAGING-1,LAYAK,1.0059,1.0149,0.9509,1.0545,32.4,84.8
2214,99133,13.21.54,7,DAGING-1,LAYAK,1.0035,1.0266,0.9496,1.0545,32.4,84.4
2215,99528,13.21.55,7,DAGING-1,LAYAK,1.1526,1.18,1.0899,1.2304,32.4,84.4
2216,99938,13.21.55,7,DAGING-1,LAYAK,1.002,1.0281,0.9641,1.0645,32.4,84.4
2217,100554,13.21.56,7,DAGING-1,LAYAK,1.0115,1.0172,0.9553,1.0553,32.4,84.4
2218,100962,13.21.56,7,DAGING-1,LAYAK,1.002,1.0211,0.961,1.0537,32.4,84.4
2219,101578,13.21.57,7,DAGING-1,LAYAK,1.0115,1.0149,0.9496,1.057,32.4,84
2220,102192,13.21.57,7,DAGING-1,LAYAK,0.9973,1.0157,0.9503,1.0545,32.4,84
2221,102600,13.21.58,7,DAGING-1,LAYAK,0.9973,1.0157,0.9503,1.0545,32.4,84
2222,103012,13.21.58,7,DAGING-1,LAYAK,1.0123,1.0196,0.9597,1.0553,32.4,84
2223,103627,13.21.59,7,DAGING-1,LAYAK,1.0138,1.0157,0.9478,1.062,32.4,83.2
2224,104036,13.21.59,7,DAGING-1,LAYAK,1.1526,1.18,1.0906,1.2366,32.4,83.2
2225,104648,13.22.00,7,DAGING-1,LAYAK,1.0138,1.0172,0.9528,1.0553,32.4,83.2
2226,105066,13.22.00,7,DAGING-1,LAYAK,1.1671,1.1781,1.0906,1.2294,32.4,83.2
2227,105672,13.22.01,7,DAGING-1,LAYAK,1.0146,1.0344,0.9654,1.0586,32.4,83.2
2228,106082,13.22.01,7,DAGING-1,LAYAK,1.1642,1.1678,1.0825,1.2121,32.4,83.2
2229,106696,13.22.02,7,DAGING-1,LAYAK,1.0138,1.0234,0.9546,1.0504,32.4,82.7
2230,107117,13.22.02,7,DAGING-1,LAYAK,1.0138,1.0234,0.9546,1.0504,32.4,82.7
2231,107516,13.22.03,7,DAGING-1,LAYAK,1.1564,1.18,1.0891,1.2335,32.4,82.7
2232,108133,13.22.03,7,DAGING-1,LAYAK,1.0035,1.0384,0.9641,1.067,32.4,82.7
2233,108542,13.22.04,7,DAGING-1,LAYAK,1.1721,1.1762,1.0796,1.2182,32.4,82.7
2234,109154,13.22.04,7,DAGING-1,LAYAK,1.0099,1.0384,0.9654,1.067,32.4,82.5
2235,109776,13.22.05,7,DAGING-1,LAYAK,1.0012,1.0203,0.9534,1.0553,32.4,82.5
2236,110178,13.22.05,7,DAGING-1,LAYAK,1.0012,1.0203,0.9534,1.0553,32.4,82.5
2237,110588,13.22.06,7,DAGING-1,LAYAK,1.1711,1.1791,1.0913,1.2294,32.4,82.5
2238,110998,13.22.06,7,DAGING-1,LAYAK,1.0138,1.04,0.9641,1.062,32.4,82.5
2239,111612,13.22.07,7,DAGING-1,LAYAK,1.0211,1.0273,0.9622,1.0545,32.4,82.8
2240,112229,13.22.07,7,DAGING-1,LAYAK,1.0146,1.0384,0.966,1.067,32.4,82.8
2241,112636,13.22.08,7,DAGING-1,LAYAK,1.0146,1.0384,0.966,1.067,32.4,82.8
2242,113056,13.22.08,7,DAGING-1,LAYAK,1.1652,1.18,1.0877,1.2418,32.4,82.8
2243,113455,13.22.09,7,DAGING-1,LAYAK,1.0138,1.0336,0.9597,1.0678,32.4,82.8
2244,114070,13.22.09,7,DAGING-1,LAYAK,1.0123,1.0336,0.954,1.057,32.4,82.7
2245,114684,13.22.10,7,DAGING-1,LAYAK,1.0146,1.0368,0.9654,1.0586,32.4,82.7
2246,115098,13.22.10,7,DAGING-1,LAYAK,1.1642,1.1829,1.0957,1.2161,32.4,82.7
2247,115711,13.22.11,7,DAGING-1,LAYAK,1.0146,1.0273,0.9641,1.0636,32.4,82.7
2248,116131,13.22.11,7,DAGING-1,LAYAK,1.0146,1.0273,0.9641,1.0636,32.5,82.6
2249,116527,13.22.12,7,DAGING-1,LAYAK,1.1721,1.1839,1.0877,1.2274,32.5,82.6
2250,116944,13.22.12,7,DAGING-1,LAYAK,1.0123,1.0328,0.9673,1.0636,32.5,82.6
2251,117552,13.22.13,7,DAGING-1,LAYAK,1.0138,1.04,0.9673,1.0645,32.5,82.6
2252,117964,13.22.13,7,DAGING-1,LAYAK,1.0155,1.0258,0.9546,1.0661,32.5,82.6
2253,118578,13.22.14,7,DAGING-1,LAYAK,1.0163,1.0281,0.9597,1.0678,32.5,82.6
2254,119197,13.22.14,7,DAGING-1,LAYAK,1.1721,1.182,1.095,1.2346,32.5,82.9
2255,119817,13.22.15,7,DAGING-1,LAYAK,1.0059,1.0408,0.9673,1.067,32.5,82.9
2256,120214,13.22.15,7,DAGING-1,LAYAK,1.0035,1.0328,0.961,1.0603,32.5,82.9
2257,120624,13.22.16,7,DAGING-1,LAYAK,1.0035,1.0328,0.961,1.0603,32.5,82.9
2258,121033,13.22.16,7,DAGING-1,LAYAK,1.0027,1.0384,0.9641,1.0653,32.5,82.9
2259,121443,13.22.17,7,DAGING-1,LAYAK,1.0107,1.0408,0.9654,1.0661,32.5,83
2260,122058,13.22.17,7,DAGING-1,LAYAK,1.0099,1.0258,0.9629,1.0529,32.5,83
2261,122467,13.22.18,7,DAGING-1,LAYAK,1.0004,1.032,0.9629,1.0686,32.5,83
2262,123082,13.22.18,7,DAGING-1,LAYAK,1.0195,1.032,0.9641,1.0537,32.5,83
2263,123491,13.22.19,7,DAGING-1,LAYAK,1.0115,1.0281,0.9629,1.057,32.5,83
2264,124106,13.22.19,7,DAGING-1,LAYAK,1.1701,1.18,1.0906,1.2304,32.5,83.3
2265,124733,13.22.20,7,DAGING-1,LAYAK,1.0163,1.0336,0.9641,1.0553,32.5,83.3
2266,125129,13.22.20,7,DAGING-1,LAYAK,1.0163,1.0336,0.9641,1.0553,32.5,83.3
2267,125549,13.22.21,7,DAGING-1,LAYAK,1.1671,1.18,1.0891,1.2243,32.5,83.3
2268,125958,13.22.21,7,DAGING-1,LAYAK,1.0091,1.032,0.9622,1.067,32.5,83.3
2269,126566,13.22.22,7,DAGING-1,LAYAK,1.0146,1.0234,0.9597,1.062,32.5,83.5
2270,127180,13.22.22,7,DAGING-1,LAYAK,1.0138,1.0313,0.9584,1.067,32.5,83.5
2271,127587,13.22.23,7,DAGING-1,LAYAK,1.1701,1.1753,1.0862,1.2325,32.5,83.5
2272,127997,13.22.23,7,DAGING-1,LAYAK,1.0211,1.0196,0.954,1.0603,32.5,83.5
2273,128615,13.22.24,7,DAGING-1,LAYAK,1.0083,1.0203,0.9622,1.0603,32.5,83.5
2274,129021,13.22.24,7,DAGING-1,LAYAK,1.0138,1.0352,0.9641,1.0603,32.5,83.5
2275,129431,13.22.25,7,DAGING-1,LAYAK,1.0179,1.0281,0.9622,1.0653,32.5,83.5
2276,130056,13.22.25,7,DAGING-1,LAYAK,1.0179,1.018,0.9459,1.0562,32.5,83.5
2277,130457,13.22.26,7,DAGING-1,LAYAK,1.0146,1.0242,0.9521,1.067,32.5,83.5
2278,131071,13.22.26,7,DAGING-1,LAYAK,1.0138,1.032,0.9629,1.0661,32.5,83.5
2279,131683,13.22.27,7,DAGING-1,LAYAK,0.9988,1.0328,0.9559,1.0603,32.5,83.5
2280,132094,13.22.27,7,DAGING-1,LAYAK,1.2023,1.2111,1.119,1.2684,32.5,83.5
2281,132707,13.22.28,7,DAGING-1,LAYAK,1.0035,1.0266,0.961,1.0695,32.5,83.5
2282,133117,13.22.28,7,DAGING-1,LAYAK,1.0035,1.0266,0.961,1.0695,32.5,83.5
2283,133527,13.22.29,7,DAGING-1,LAYAK,1.0146,1.0234,0.961,1.0661,32.5,83.5
2284,133938,13.22.29,7,DAGING-1,LAYAK,1.0027,1.032,0.9641,1.0653,32.5,83.8
2285,134551,13.22.30,7,DAGING-1,LAYAK,1.0123,1.036,0.966,1.0603,32.5,83.8
2286,134960,13.22.30,7,DAGING-1,LAYAK,1.0131,1.0242,0.954,1.0645,32.5,83.8
2287,135577,13.22.31,7,DAGING-1,LAYAK,1.0107,1.0281,0.9629,1.0529,32.5,83.8
2288,136189,13.22.31,7,DAGING-1,LAYAK,1.0091,1.0281,0.9629,1.0603,32.6,84.1
2289,136599,13.22.32,7,DAGING-1,LAYAK,1.1478,1.1781,1.0935,1.2619,32.6,84.1
2290,137213,13.22.32,7,DAGING-1,LAYAK,1.0146,1.0328,0.9667,1.0603,32.6,84.1
2291,137623,13.22.33,7,DAGING-1,LAYAK,1.0146,1.0328,0.9667,1.0603,32.6,84.1
2292,138032,13.22.33,7,DAGING-1,LAYAK,1.0027,1.0157,0.9471,1.0529,32.6,84.1
2293,138445,13.22.34,7,DAGING-1,LAYAK,1.0138,1.0305,0.9641,1.0537,32.6,84.1
2294,139069,13.22.34,7,DAGING-1,LAYAK,1.0004,1.0227,0.9622,1.0537,32.6,84.4
2295,139682,13.22.35,7,DAGING-1,LAYAK,1.0083,1.0313,0.9641,1.0586,32.6,84.4
2296,140081,13.22.35,7,DAGING-1,LAYAK,1.1681,1.1631,1.076,1.2243,32.6,84.4
2297,140698,13.22.36,7,DAGING-1,LAYAK,1.1535,1.165,1.0775,1.2304,32.6,84.4